date,close,high,low,open,volume,symbol
2023-08-18,931.610595703125,975.9777351102747,889.3679636687957,889.3679636687957,24249334,CONCORDBIO
2023-08-21,938.8239135742188,962.7861075424213,910.1680939833784,928.7944129038887,2494629,CONCORDBIO
2023-08-22,982.0053100585938,1010.2164591420892,924.8913076122167,932.8457560482223,2928390,CONCORDBIO
2023-08-23,949.8416137695312,1001.9161673616255,928.9920586475083,983.0922701990108,1045503,CONCORDBIO
2023-08-24,949.9404296875,969.3572426165141,943.7646062763347,953.3988907977526,444316,CONCORDBIO
2023-08-25,962.1439208984375,981.116063031104,940.9978767997028,949.5946353000586,537121,CONCORDBIO
2023-08-28,985.8096313476562,989.1198484744851,964.4165555555419,968.2702933752065,451817,CONCORDBIO
2023-08-29,956.36328125,994.3075642226579,950.187457869735,985.8096553757234,281398,CONCORDBIO
2023-08-30,949.8910522460938,967.6280294641141,946.6302294885079,958.3395667623588,163369,CONCORDBIO
2023-08-31,962.3909301757812,971.0864775154433,948.6064801982453,950.2369217103964,343212,CONCORDBIO
2023-09-01,959.5252685546875,969.3571909635158,953.5470838733871,962.3908745890823,145961,CONCORDBIO
2023-09-04,958.3889770507812,969.3572149921318,948.606448921964,963.4284246863697,173558,CONCORDBIO
2023-09-05,977.6080932617188,981.5606201425437,953.9423868113988,958.3889795523269,302545,CONCORDBIO
2023-09-06,994.60400390625,1062.2416344603205,973.3097766915495,973.3097766915495,854857,CONCORDBIO
2023-09-07,972.519287109375,997.7660414335807,958.5371986262775,966.4422526807153,266193,CONCORDBIO
2023-09-08,1002.2125854492188,1014.4654427601885,982.2029183500355,987.1435768930437,314107,CONCORDBIO
2023-09-11,988.6257934570312,1016.1946927811923,969.3572247689632,1007.8943621450993,191499,CONCORDBIO
2023-09-12,994.2088012695312,1000.9774797476603,961.4522090764792,998.0130844473217,275450,CONCORDBIO
2023-09-13,1008.6354370117188,1021.1846614058129,984.1791773339916,994.2087382554292,148023,CONCORDBIO
2023-09-14,992.8253784179688,1035.1667998922749,989.71273927299,1009.0307632848069,358293,CONCORDBIO
2023-09-15,1001.8173828125,1012.6374981956992,995.4933755957062,995.4933755957062,77723,CONCORDBIO
2023-09-18,990.6514282226562,1015.3053263105513,984.4262105468484,1000.9280220731258,78672,CONCORDBIO
2023-09-20,977.7564086914062,1002.9537694004824,973.4086046800387,990.997398835389,103220,CONCORDBIO
2023-09-21,954.9799194335938,991.0467274620045,947.321898550849,977.7563436743119,119783,CONCORDBIO
2023-09-22,971.728759765625,990.1079856747997,968.3196932617755,968.764364598934,315833,CONCORDBIO
2023-09-25,980.572509765625,1000.335144599906,974.2978973300509,978.2504242969071,272126,CONCORDBIO
2023-09-26,990.6514282226562,994.1592837112584,980.6219276090694,980.6219276090694,79862,CONCORDBIO
2023-09-27,1002.8054809570312,1012.2421874049195,986.0072412305861,989.6633407626147,153734,CONCORDBIO
2023-09-28,1026.6195068359375,1037.4889568633018,1006.659292307038,1007.3509966436626,269446,CONCORDBIO
2023-09-29,1071.134765625,1077.162344886588,1030.7201548641017,1034.8703803879748,474584,CONCORDBIO
2023-10-03,1063.08154296875,1101.7174711364303,1053.8919898604672,1077.0636316693185,205871,CONCORDBIO
2023-10-04,1043.07177734375,1072.0734180291113,1038.526395739797,1060.956936628471,175029,CONCORDBIO
2023-10-05,1076.915283203125,1086.9448438410577,1041.5402415674052,1053.348366849607,146603,CONCORDBIO
2023-10-06,1108.1402587890625,1163.0310235706904,1098.8519172051067,1111.6481746108977,457088,CONCORDBIO
2023-10-09,1131.5096435546875,1136.3515132572243,1069.1585542124492,1077.1623972684724,219186,CONCORDBIO
2023-10-10,1133.9306640625,1146.2328563845574,1117.9228569710933,1136.3515386571044,112513,CONCORDBIO
2023-10-11,1143.5155029296875,1160.8078090876218,1135.363415740947,1139.9087978067216,82097,CONCORDBIO
2023-10-12,1137.2408447265625,1156.3611697886747,1130.9167774604898,1156.3611697886747,35227,CONCORDBIO
2023-10-13,1127.3101806640625,1158.2387553709211,1115.600842535018,1139.908861569573,127980,CONCORDBIO
2023-10-16,1176.2225341796875,1189.6611010520892,1131.4107861201123,1138.6241957125526,246386,CONCORDBIO
2023-10-17,1155.570556640625,1199.8389046019608,1150.0864981339626,1186.8944035870595,121468,CONCORDBIO
2023-10-18,1155.175537109375,1165.6497101382424,1141.5887247644494,1164.61212349237,66850,CONCORDBIO
2023-10-19,1171.43017578125,1176.27204542334,1134.4246904296947,1143.2684212390607,71854,CONCORDBIO
2023-10-20,1160.6102294921875,1175.77802817839,1146.1340748027935,1174.394619563218,54332,CONCORDBIO
2023-10-23,1144.3553466796875,1161.0547972495442,1138.3772220114606,1148.2090845991238,141576,CONCORDBIO
2023-10-25,1179.4835205078125,1188.722528504463,1144.2565985105307,1144.9976973437629,168682,CONCORDBIO
2023-10-26,1150.4324951171875,1175.5310679861652,1122.6165596872715,1175.4816131455232,124140,CONCORDBIO
2023-10-27,1190.8963623046875,1244.0578998395422,1157.6458247037572,1165.995489921096,223192,CONCORDBIO
2023-10-30,1161.548828125,1207.694530853359,1155.1259719933007,1205.174867359236,80362,CONCORDBIO
2023-10-31,1135.017578125,1180.4716394004379,1128.446477751088,1180.4716394004379,132773,CONCORDBIO
2023-11-01,1129.0888671875,1160.0173212993811,1112.1918369063685,1141.2922712448972,98207,CONCORDBIO
2023-11-02,1117.13232421875,1143.712970035961,1114.5137511303788,1131.4602336447524,120987,CONCORDBIO
2023-11-03,1131.31201171875,1146.133987274621,1116.243003236948,1119.5532203201167,85404,CONCORDBIO
2023-11-06,1125.778564453125,1146.134054621637,1120.4919630303195,1136.3020712189195,51250,CONCORDBIO
2023-11-07,1185.5604248046875,1195.639319580635,1119.6026358939378,1129.4344977526164,169091,CONCORDBIO
2023-11-08,1308.8299560546875,1363.4242351730938,1182.0526044415142,1195.5406269362543,678690,CONCORDBIO
2023-11-09,1361.5467529296875,1380.4694999341943,1299.739064150712,1353.7404880349568,865715,CONCORDBIO
2023-11-10,1287.140380859375,1328.6419139541968,1251.9629150271219,1328.6419139541968,423319,CONCORDBIO
2023-11-13,1287.6343994140625,1308.9286858848066,1279.4329786434334,1295.2430859081207,160055,CONCORDBIO
2023-11-15,1346.6259765625,1360.6573989493784,1290.4505909365223,1304.2844352250418,282852,CONCORDBIO
2023-11-16,1290.4013671875,1356.3097112984094,1272.7137834944376,1347.7623469355672,260543,CONCORDBIO
2023-11-17,1265.0062255859375,1299.2944698867389,1256.9530482730313,1297.4169954263202,186800,CONCORDBIO
2023-11-20,1217.921875,1264.4628577638393,1191.1434072359004,1259.8680208575772,418820,CONCORDBIO
2023-11-21,1261.399658203125,1272.7137187116844,1197.6651590906222,1206.5088901762163,512461,CONCORDBIO
2023-11-22,1246.7257080078125,1295.3911938567696,1232.4967081349978,1253.939117610692,216537,CONCORDBIO
2023-11-23,1261.4984130859375,1278.1484088214193,1245.441272271598,1249.6408321768868,178827,CONCORDBIO
2023-11-24,1242.9215087890625,1296.9229335364328,1236.9433840207405,1269.5517320639422,113735,CONCORDBIO
2023-11-28,1238.2279052734375,1266.784937744724,1206.5088993652946,1245.0460386570608,407151,CONCORDBIO
2023-11-29,1270.5892333984375,1320.1440666099406,1244.5025301135706,1251.3701184018778,295468,CONCORDBIO
2023-11-30,1320.98388671875,1336.9422383742829,1275.035761009656,1275.08521584506,788873,CONCORDBIO
2023-12-01,1290.2530517578125,1341.2900815289095,1283.5831623460836,1328.987768685455,120853,CONCORDBIO
2023-12-04,1328.4937744140625,1337.782237627243,1284.6701524116386,1306.9525731553672,157460,CONCORDBIO
2023-12-05,1338.8197021484375,1356.507284200736,1318.2171797476879,1332.0015691021656,192384,CONCORDBIO
2023-12-06,1317.327880859375,1355.667320800377,1302.4071153975929,1338.8197466539125,93944,CONCORDBIO
2023-12-07,1306.0631103515625,1336.9916816597652,1299.4426760283225,1329.6794827545955,69316,CONCORDBIO
2023-12-08,1300.8753662109375,1323.9976718159419,1289.7588847298339,1306.0630575687858,122643,CONCORDBIO
2023-12-11,1305.6185302734375,1328.6419276887289,1295.4407249939718,1300.9249044582418,49780,CONCORDBIO
2023-12-12,1291.3399658203125,1308.1382057323594,1273.7018380369736,1305.6185421184841,63075,CONCORDBIO
2023-12-13,1306.5572509765625,1330.2724137849855,1290.5495643294992,1298.4546185989734,99764,CONCORDBIO
2023-12-14,1306.2607421875,1351.7642583430645,1299.44272948696,1326.5174434272901,100413,CONCORDBIO
2023-12-15,1305.322021484375,1322.02147192442,1297.416967607104,1322.02147192442,43506,CONCORDBIO
2023-12-18,1310.9049072265625,1400.0343358224966,1301.2706234213035,1325.0845726002508,257193,CONCORDBIO
2023-12-19,1311.5966796875,1332.0016248452337,1298.4051446933508,1310.3121807605073,66413,CONCORDBIO
2023-12-20,1333.385009765625,1361.6455537377587,1312.7824868685766,1323.4542374131838,258743,CONCORDBIO
2023-12-21,1345.044921875,1382.495140215947,1306.6066923820813,1338.8690982904623,186979,CONCORDBIO
2023-12-22,1486.841796875,1521.6241068689526,1353.7404983181766,1362.6336840735514,901703,CONCORDBIO
2023-12-26,1488.2252197265625,1495.0433529953993,1436.4965462108803,1457.494346112501,226615,CONCORDBIO
2023-12-27,1465.8934326171875,1505.8633131514223,1432.9392632950646,1498.995845824249,193202,CONCORDBIO
2023-12-28,1432.2474365234375,1479.5789688202128,1423.947226785836,1465.0534811578652,78355,CONCORDBIO
2023-12-29,1454.3323974609375,1470.340083997775,1420.933495153764,1449.4410727924474,83260,CONCORDBIO
2024-01-01,1461.842041015625,1472.3162127673795,1432.7414904775985,1454.4803875788618,53612,CONCORDBIO
2024-01-02,1494.845703125,1506.9008617705456,1452.5536175755421,1473.7489945629748,125477,CONCORDBIO
2024-01-03,1534.272216796875,1568.1651862093167,1462.731570079532,1501.565077932196,222460,CONCORDBIO
2024-01-04,1529.380859375,1558.7777778478842,1511.841521462607,1545.5862435986471,123489,CONCORDBIO
2024-01-05,1531.5548095703125,1564.2126132632495,1524.7861309777231,1531.6042644081092,116061,CONCORDBIO
2024-01-08,1531.3076171875,1557.5920163888713,1521.7227881342328,1543.9557509478823,68299,CONCORDBIO
2024-01-09,1539.114013671875,1559.2719258104655,1525.5272018975443,1532.592368144507,67236,CONCORDBIO
2024-01-10,1489.0650634765625,1587.9276913914646,1477.3557265909228,1539.5092365823907,186836,CONCORDBIO
2024-01-11,1453.2452392578125,1506.4562276651739,1438.9173296441297,1500.9720484954566,358715,CONCORDBIO
2024-01-12,1411.89208984375,1473.25505013167,1405.7162661307639,1463.373732190892,113789,CONCORDBIO
2024-01-15,1411.89208984375,1411.89208984375,1411.89208984375,1411.89208984375,0,CONCORDBIO
2024-01-16,1416.3880615234375,1431.753437721427,1380.4694968662084,1392.0305899860616,122268,CONCORDBIO
2024-01-17,1371.4281005859375,1404.4317256568713,1366.6356856506338,1386.6453538892301,73660,CONCORDBIO
2024-01-18,1350.4302978515625,1372.5150186274122,1339.0667825785495,1365.5980962873173,66042,CONCORDBIO
2024-01-19,1373.3548583984375,1393.2657368471948,1344.847282162434,1351.764204260257,78404,CONCORDBIO
2024-01-23,1379.9754638671875,1414.0165549032745,1354.531070933044,1386.9911752703495,77346,CONCORDBIO
2024-01-24,1404.826904296875,1413.0284463248652,1367.7719625226216,1385.7065784656713,48065,CONCORDBIO
2024-01-25,1369.6494140625,1407.6431527641837,1354.7286485492514,1402.998861100091,64812,CONCORDBIO
2024-01-29,1369.254150390625,1402.158986699207,1351.7642662470155,1383.3844830013318,59021,CONCORDBIO
2024-01-30,1414.1153564453125,1422.9097533507495,1373.5031646927373,1377.4556917853783,144145,CONCORDBIO
2024-01-31,1438.6209716796875,1442.6722875409384,1404.1351510929271,1420.6863571314962,65556,CONCORDBIO
2024-02-01,1435.4095458984375,1474.8853592784815,1399.3427386532267,1449.49042269965,78569,CONCORDBIO
2024-02-02,1446.822509765625,1458.482513064492,1420.982960113387,1435.4096600342937,47910,CONCORDBIO
2024-02-05,1428.1961669921875,1446.5260587702019,1414.9551777307406,1445.5872612569533,132592,CONCORDBIO
2024-02-06,1472.760986328125,1494.2035186630274,1423.2062732819281,1429.1843982716623,90103,CONCORDBIO
2024-02-07,1455.122802734375,1492.0789546085937,1441.1407142340965,1473.9960951882263,46768,CONCORDBIO
2024-02-08,1457.790771484375,1472.3162594870714,1439.707912800445,1442.6228531192667,46820,CONCORDBIO
2024-02-09,1439.806640625,1451.3678536043128,1354.2839164609325,1373.5030293058396,640257,CONCORDBIO
2024-02-12,1419.0560302734375,1442.1288832956952,1394.7480125217062,1436.2495474320226,121825,CONCORDBIO
2024-02-13,1382.248046875,1425.7752978455123,1357.4954194026761,1413.1271634484199,69144,CONCORDBIO
2024-02-14,1383.4832763671875,1397.8111871286521,1363.671306618233,1368.6119655014966,82331,CONCORDBIO
2024-02-15,1386.744140625,1412.0897444758623,1375.8746912295976,1384.224356380172,96804,CONCORDBIO
2024-02-16,1446.6248779296875,1461.397399302002,1386.7441181724819,1393.2657635798219,125796,CONCORDBIO
2024-02-19,1391.734130859375,1443.2158921168336,1384.4713865386263,1442.9194043398427,194135,CONCORDBIO
2024-02-20,1370.8353271484375,1396.6255436204528,1358.68125746936,1388.7698232497846,88487,CONCORDBIO
2024-02-21,1426.2694091796875,1455.1228083771084,1371.9221622778962,1383.3844665910542,147824,CONCORDBIO
2024-02-22,1425.8740234375,1440.5477548558433,1417.4254492703858,1440.5477548558433,73488,CONCORDBIO
2024-02-23,1457.741455078125,1470.191891780103,1429.9255204569827,1449.5893676323399,493839,CONCORDBIO
2024-02-26,1486.5947265625,1517.4245087789645,1455.0239661732683,1479.1344044059838,203736,CONCORDBIO
2024-02-27,1481.654052734375,1487.5828430280812,1462.4843939486288,1486.5947113124635,53746,CONCORDBIO
2024-02-28,1454.0853271484375,1505.8633344290836,1432.7910396552847,1505.8633344290836,63760,CONCORDBIO
2024-02-29,1438.7198486328125,1464.4112745012555,1403.641171004746,1447.6130345103504,68048,CONCORDBIO
2024-03-01,1461.249267578125,1467.375636126802,1423.0579516448581,1432.7910251743183,43760,CONCORDBIO
2024-03-04,1438.3740234375,1460.409289356523,1428.14688382541,1437.4352258906956,76924,CONCORDBIO
2024-03-05,1424.6883544921875,1443.5616461185039,1403.1470348632733,1430.8641777090154,47201,CONCORDBIO
2024-03-06,1373.5526123046875,1418.2161199679642,1368.1178875808946,1418.1666651309447,60090,CONCORDBIO
2024-03-07,1514.1143798828125,1578.837011692536,1373.9477899167239,1376.7146071587388,251974,CONCORDBIO
2024-03-11,1428.98681640625,1504.9247205652198,1408.9276927620438,1501.9603251865622,108887,CONCORDBIO
2024-03-12,1401.4178466796875,1484.3714583843616,1388.325101064665,1457.4943231817656,80303,CONCORDBIO
2024-03-13,1356.8037109375,1401.4673393695643,1334.9660229178548,1373.5031619954243,255602,CONCORDBIO
2024-03-14,1379.3824462890625,1422.90969743491,1334.0272961805645,1353.740476031824,74076,CONCORDBIO
2024-03-15,1385.2125244140625,1406.0620810395887,1370.4400024157621,1402.8506527250404,94327,CONCORDBIO
2024-03-18,1452.6031494140625,1462.237434122993,1376.6157925598295,1392.1788678588707,203580,CONCORDBIO
2024-03-19,1443.75927734375,1472.2175200227862,1408.3347781926993,1442.6723565418986,70426,CONCORDBIO
2024-03-20,1439.1151123046875,1456.5062070707743,1414.0165415999172,1442.6723624988674,40339,CONCORDBIO
2024-03-21,1449.1939697265625,1506.4068209638995,1442.5240805553547,1442.5240805553547,44925,CONCORDBIO
2024-03-22,1475.3795166015625,1487.138308748536,1433.8286481885307,1433.8286481885307,48086,CONCORDBIO
2024-03-26,1479.5296630859375,1495.9326254080981,1442.6723019184433,1495.9326254080981,47166,CONCORDBIO
2024-03-27,1480.4683837890625,1497.019590482516,1447.8600362736017,1487.1382730535886,60901,CONCORDBIO
2024-03-28,1502.750732421875,1541.2384137554166,1473.304359614891,1473.304359614891,104658,CONCORDBIO
2024-04-01,1470.48828125,1546.4261817704562,1460.162232136174,1546.4261817704562,62156,CONCORDBIO
2024-04-02,1470.883544921875,1501.960239792649,1452.4548639080037,1467.425083843405,48243,CONCORDBIO
2024-04-03,1491.0413818359375,1497.0196272759913,1463.5219362443167,1482.1976507683082,29086,CONCORDBIO
2024-04-04,1495.685546875,1516.1398244751185,1474.786537644374,1498.9957638904625,75454,CONCORDBIO
2024-04-05,1518.1162109375,1531.604233635439,1467.721490992076,1495.6856681515894,133635,CONCORDBIO
2024-04-08,1507.4444580078125,1536.544890154726,1495.6362110771001,1535.5073035558398,113242,CONCORDBIO
2024-04-09,1509.2724609375,1523.1063054545778,1494.055207844404,1516.8316929586422,39240,CONCORDBIO
2024-04-10,1492.5235595703125,1516.7327875431445,1477.3557612708282,1516.7327875431445,27640,CONCORDBIO
2024-04-12,1541.485595703125,1640.2987749148638,1482.1976881760816,1497.0196650578425,750214,CONCORDBIO
2024-04-15,1517.720947265625,1526.2683112194863,1469.401400102172,1521.7229291916663,128614,CONCORDBIO
2024-04-16,1511.14990234375,1531.900668665595,1494.5986958727544,1500.4780314153243,112492,CONCORDBIO
2024-04-18,1565.5465087890625,1596.8209026970114,1493.462346114572,1506.45630270823,206466,CONCORDBIO
2024-04-19,1574.0938720703125,1607.6408966131467,1526.8611263421183,1556.356955470432,237485,CONCORDBIO
2024-04-22,1564.60791015625,1614.607354917385,1552.5526298702237,1588.273618425541,96969,CONCORDBIO
2024-04-23,1594.3505859375,1616.5835504144716,1566.188830933336,1570.0425689003214,134813,CONCORDBIO
2024-04-24,1610.259521484375,1629.0340252684723,1590.8921627577224,1597.3644741529674,107045,CONCORDBIO
2024-04-25,1616.9788818359375,1623.2040397267433,1590.8921785111943,1623.2040397267433,43083,CONCORDBIO
2024-04-26,1640.34814453125,1658.0356061939801,1621.573641456421,1630.3185832380182,62274,CONCORDBIO
2024-04-29,1630.862060546875,1664.507996162268,1612.2852553134858,1664.507996162268,74102,CONCORDBIO
2024-04-30,1647.314453125,1704.527306853255,1625.5262199233734,1635.3580828070358,135856,CONCORDBIO
2024-05-02,1639.2117919921875,1655.417176893539,1630.5161843022277,1641.6326665425759,36414,CONCORDBIO
2024-05-03,1598.5501708984375,1639.1130283050752,1590.8426948439078,1635.3580793304984,32866,CONCORDBIO
2024-05-06,1559.8154296875,1621.5242095221568,1541.485537388522,1621.5242095221568,36004,CONCORDBIO
2024-05-07,1538.570556640625,1580.7637332135196,1511.841545126854,1544.4498921786098,56233,CONCORDBIO
2024-05-08,1534.7662353515625,1549.5882120796098,1521.7229440795033,1538.52118437129,20868,CONCORDBIO
2024-05-09,1483.4822998046875,1548.7483319513556,1473.6997709908371,1531.6042695743029,30416,CONCORDBIO
2024-05-10,1491.1895751953125,1524.4896869937747,1477.4051857588825,1497.0195765484248,38415,CONCORDBIO
2024-05-13,1489.361572265625,1511.8415694585544,1467.7709177672753,1498.9958567768804,24540,CONCORDBIO
2024-05-14,1485.45849609375,1511.6933214726246,1482.197613096318,1511.6933214726246,15879,CONCORDBIO
2024-05-15,1469.7471923828125,1497.0196046198944,1452.7512538716226,1488.126418849875,79241,CONCORDBIO
2024-05-16,1440.943115234375,1488.472227981502,1435.804878415813,1470.4388236591792,41170,CONCORDBIO
2024-05-17,1414.708251953125,1440.6467117423936,1405.7657315225215,1434.816830610814,125052,CONCORDBIO
2024-05-21,1434.4708251953125,1474.2925833011977,1413.1766581780691,1474.2925833011977,88232,CONCORDBIO
2024-05-22,1442.771240234375,1451.565637519972,1418.1667338947825,1432.8405878577698,82206,CONCORDBIO
2024-05-23,1441.8818359375,1472.3163428161467,1414.0165681677222,1444.747442205547,72431,CONCORDBIO
2024-05-24,1434.4215087890625,1447.6130438010962,1414.2141417091455,1441.881831283501,77451,CONCORDBIO
2024-05-27,1423.6507568359375,1439.757351908381,1396.427680059934,1432.7909751255315,78197,CONCORDBIO
2024-05-28,1379.234375,1411.0521697957934,1338.9185504714985,1371.032833047383,4968921,CONCORDBIO
2024-05-29,1431.555908203125,1511.6933709849561,1409.1253651722225,1432.9886510274243,1270565,CONCORDBIO
2024-05-30,1432.1488037109375,1469.3519901963055,1415.795294753846,1425.8741908898917,228090,CONCORDBIO
2024-05-31,1446.130859375,1471.3282197535873,1406.4080100856138,1431.8029485714897,244318,CONCORDBIO
2024-06-03,1429.7279052734375,1472.7609721803742,1417.6232908950583,1460.4587796934195,92182,CONCORDBIO
2024-06-04,1396.230224609375,1457.4943958236577,1311.3003451827142,1432.7911009791887,115463,CONCORDBIO
2024-06-05,1468.4132080078125,1479.529689988426,1380.4694838945134,1439.559689071868,123783,CONCORDBIO
2024-06-06,1449.5892333984375,1489.163957037382,1430.5676977863584,1488.1263704826495,146451,CONCORDBIO
2024-06-07,1436.24951171875,1457.4943445374313,1432.840505398792,1447.613026947347,48040,CONCORDBIO
2024-06-10,1430.66650390625,1454.5299093559306,1423.9966147159291,1444.5498029880564,135781,CONCORDBIO
2024-06-11,1431.75341796875,1439.658471786852,1424.935405547876,1427.8503458946816,51485,CONCORDBIO
2024-06-12,1414.56005859375,1436.7435681895972,1409.1253339547934,1432.2475204669306,49844,CONCORDBIO
2024-06-13,1427.553955078125,1439.4115366105684,1415.0047295382453,1435.70604238168,49398,CONCORDBIO
2024-06-14,1512.335693359375,1527.5529469366325,1424.2931756487822,1426.8622941593842,221609,CONCORDBIO
2024-06-18,1563.9161376953125,1573.1058116021638,1508.5314231710722,1516.6835104485333,97548,CONCORDBIO
2024-06-19,1557.1968994140625,1566.7323952348938,1523.3533858797812,1566.4359074516647,43629,CONCORDBIO
2024-06-20,1553.1456298828125,1564.4102360389752,1539.06475156605,1557.7898011491914,54011,CONCORDBIO
2024-06-21,1549.76708984375,1585.2905551049573,1537.7437873993163,1564.7713823800332,78790,CONCORDBIO
2024-06-24,1512.3555908203125,1550.0650657389347,1506.3936108302191,1531.5333416404962,31956,CONCORDBIO
2024-06-25,1531.483642578125,1545.1465136797951,1479.8131482299902,1499.4379994487529,54993,CONCORDBIO
2024-06-26,1491.6378173828125,1550.114883437755,1451.2453764492573,1510.3683479649922,32629,CONCORDBIO
2024-06-27,1551.35693359375,1574.9564385883707,1471.7645220607258,1475.5901017689152,91786,CONCORDBIO
2024-06-28,1539.2342529296875,1572.5715853728675,1517.3239276560153,1565.0197682110177,39342,CONCORDBIO
2024-07-01,1518.317626953125,1536.7003992689843,1510.3683200057264,1534.2659725350625,52119,CONCORDBIO
2024-07-02,1532.7257080078125,1537.843098488397,1504.2076185558178,1526.8134596301632,39357,CONCORDBIO
2024-07-03,1579.72607421875,1587.824333647191,1540.1782235721776,1548.028188454905,64359,CONCORDBIO
2024-07-04,1706.0206298828125,1733.942545758592,1541.221587543855,1581.6636373703373,213822,CONCORDBIO
2024-07-05,1673.031005859375,1704.1824502596198,1654.548891013531,1704.1824502596198,120079,CONCORDBIO
2024-07-08,1678.396728515625,1691.7118415720859,1644.512832776389,1684.1600244241333,44187,CONCORDBIO
2024-07-09,1685.89892578125,1704.1326237645026,1664.386090265622,1678.3967190646185,61141,CONCORDBIO
2024-07-10,1691.7615966796875,1787.6003789266588,1656.2381316732237,1672.0870136958506,142564,CONCORDBIO
2024-07-11,1679.1917724609375,1706.1200258370961,1662.1504212108343,1692.3080805764923,29685,CONCORDBIO
2024-07-12,1679.1917724609375,1702.294446078126,1658.6725993759887,1665.3798272003337,37920,CONCORDBIO
2024-07-15,1702.393798828125,1710.0449583940256,1666.870332720957,1689.2277589422515,103468,CONCORDBIO
2024-07-16,1691.0660400390625,1727.9309280724842,1668.360855514324,1727.9309280724842,52663,CONCORDBIO
2024-07-18,1685.4517822265625,1695.1400002136907,1669.4042156237851,1691.0660046015403,33841,CONCORDBIO
2024-07-19,1661.95166015625,1695.3883343553118,1620.9630475706483,1695.3883343553118,34139,CONCORDBIO
2024-07-22,1652.462158203125,1699.1643358552878,1626.5771793048566,1626.5771793048566,75460,CONCORDBIO
2024-07-23,1709.1507568359375,1718.3917535542967,1642.77399408473,1650.4748853317626,105573,CONCORDBIO
2024-07-24,1710.044921875,1745.1710189144242,1684.309137722864,1719.037623859574,50479,CONCORDBIO
2024-07-25,1683.9613037109375,1717.5969066036764,1679.3408659706195,1710.044967778931,50917,CONCORDBIO
2024-07-26,1691.8609619140625,1700.853542638333,1676.359837594787,1694.1960465752024,29036,CONCORDBIO
2024-07-29,1675.1673583984375,1710.939239512226,1659.417818334087,1700.1580162692355,35781,CONCORDBIO
2024-07-30,1634.9737548828125,1697.3757425661115,1627.7696953550258,1678.893627899012,58687,CONCORDBIO
2024-07-31,1630.00537109375,1654.399733371016,1615.8456684648852,1652.8596279684093,158890,CONCORDBIO
2024-08-01,1590.8052978515625,1644.6121927227152,1570.534662470152,1641.184102670599,62113,CONCORDBIO
2024-08-02,1569.2926025390625,1598.3075243093283,1558.8094055083984,1594.730360450868,75538,CONCORDBIO
2024-08-05,1533.8187255859375,1567.5039374714663,1506.2942992596736,1530.2415617788008,58733,CONCORDBIO
2024-08-06,1536.55126953125,1556.027046583558,1470.075168345845,1550.1147982755197,122665,CONCORDBIO
2024-08-07,1567.5537109375,1629.6079403928875,1515.3366518897278,1629.6079403928875,55272,CONCORDBIO
2024-08-08,1575.403564453125,1618.8763375254503,1560.150855760252,1560.150855760252,50212,CONCORDBIO
2024-08-09,1543.80517578125,1614.6036934949789,1533.669736256782,1577.2419736696206,136520,CONCORDBIO
2024-08-12,1500.978271484375,1536.5513478123628,1469.3299957031293,1536.5513478123628,159933,CONCORDBIO
2024-08-13,1547.7301025390625,1566.9574652555298,1463.3680548043642,1492.9295412400686,84487,CONCORDBIO
2024-08-14,1562.13818359375,1575.2048813683243,1538.638020274708,1551.10854427753,52266,CONCORDBIO
2024-08-16,1623.8446044921875,1645.2580982883414,1563.3306032745982,1567.7523566809184,100537,CONCORDBIO
2024-08-19,1631.64501953125,1668.3608333059512,1599.599375175016,1623.6459807158574,40395,CONCORDBIO
2024-08-20,1645.0594482421875,1660.3617671726997,1613.1627568819415,1635.1228144967647,57968,CONCORDBIO
2024-08-21,1599.3509521484375,1676.2604012207426,1590.9048133637757,1676.2604012207426,45853,CONCORDBIO
2024-08-22,1588.47021484375,1630.9493232646544,1581.9120609609345,1585.6880302281777,34058,CONCORDBIO
2024-08-23,1633.3341064453125,1648.6861564480125,1575.204801364217,1575.204801364217,43710,CONCORDBIO
2024-08-26,1602.6796875,1639.4948428966777,1575.9998500456695,1629.6079407989646,124761,CONCORDBIO
2024-08-27,1582.4586181640625,1607.2007385666868,1560.0514610801483,1602.679643097685,40635,CONCORDBIO
2024-08-28,1602.3814697265625,1618.4788885312864,1574.4595542730326,1593.8359893051083,47377,CONCORDBIO
2024-08-29,1694.792236328125,1803.4990343376437,1571.975466844161,1619.6215773868685,2265950,CONCORDBIO
2024-08-30,1655.3438720703125,1708.5544740327784,1634.6260145679473,1694.7922602873475,457144,CONCORDBIO
2024-09-02,1723.558837890625,1748.8475220054509,1684.0109874538282,1689.2277201189013,592587,CONCORDBIO
2024-09-03,1757.4427490234375,1766.2366456156662,1723.558852261422,1732.0049909324393,251338,CONCORDBIO
2024-09-04,1776.12353515625,1792.2209544646005,1729.42135695114,1735.6317529890537,187257,CONCORDBIO
2024-09-05,1841.9537353515625,1887.9603977739307,1783.6257442127396,1788.594061048987,714764,CONCORDBIO
2024-09-06,1824.2666015625,1902.3187863404764,1813.4356465919884,1852.1885179438173,264402,CONCORDBIO
2024-09-09,1842.6494140625,1851.145163266094,1810.1069380508236,1818.3542714070002,281657,CONCORDBIO
2024-09-10,1885.6253662109375,1907.8337188348896,1831.669395331418,1848.2139151212994,258849,CONCORDBIO
2024-09-11,1928.7005615234375,1936.6001366338337,1867.0934338498398,1885.625279578757,194126,CONCORDBIO
2024-09-12,1992.046630859375,2049.977253553977,1913.8949829476448,1944.5494734966214,174125,CONCORDBIO
2024-09-13,2066.124267578125,2125.197505657339,1975.8498545201294,1987.3267148169157,435094,CONCORDBIO
2024-09-16,2072.732177734375,2103.585475671903,2022.5025642605854,2037.0100260403408,206071,CONCORDBIO
2024-09-17,2063.0439453125,2102.0452345707004,2012.7646004899518,2072.831627042766,197963,CONCORDBIO
2024-09-18,2167.726318359375,2317.4216042155217,2027.073223384722,2062.5966879611947,172976,CONCORDBIO
2024-09-19,2236.2890625,2285.375934110529,2118.987057525976,2183.27702664943,451684,CONCORDBIO
2024-09-20,2584.617919921875,2647.1192496113704,2126.4396374505754,2235.8915619389213,4008375,CONCORDBIO
2024-09-23,2367.25390625,2593.063895606541,2346.1385607106095,2491.362357818208,838159,CONCORDBIO
2024-09-24,2210.404052734375,2396.9643408444576,2195.995934611359,2354.9820656239463,345040,CONCORDBIO
2024-09-25,2210.751953125,2299.2374784400217,2170.7072724736317,2235.6927571105243,278050,CONCORDBIO
2024-09-26,2118.142333984375,2245.6791190435993,2101.5979366270853,2210.900902598234,153149,CONCORDBIO
2024-09-27,2034.8238525390625,2176.1227321049682,2017.1365964260665,2137.7672298349967,181039,CONCORDBIO
2024-09-30,2019.6705322265625,2053.355623449042,1937.2460828655876,2035.122046156542,243676,CONCORDBIO
2024-10-01,1967.2547607421875,2025.4336774583435,1949.8159203255389,2022.4526873903212,67646,CONCORDBIO
2024-10-03,1911.410888671875,1982.8055795789262,1897.9468224032632,1947.580260628624,82006,CONCORDBIO
2024-10-04,1909.0758056640625,1981.3648179540094,1860.1876149433963,1912.802043410967,118885,CONCORDBIO
2024-10-07,1825.3099365234375,1941.5189440850895,1814.4791024865658,1909.7217152430692,100362,CONCORDBIO
2024-10-08,1888.407470703125,1925.769309813619,1808.4673024724434,1819.3975993555187,84530,CONCORDBIO
2024-10-09,1936.2027587890625,1976.3963925625287,1902.9150367423836,1927.6571569874045,79768,CONCORDBIO
2024-10-10,1866.050048828125,1965.217700166522,1856.1631469655229,1951.2070711216982,62758,CONCORDBIO
2024-10-11,1883.637939453125,1907.8336175834309,1849.2572120622824,1878.0237173086898,42788,CONCORDBIO
2024-10-14,1910.0694580078125,1947.5802511095396,1865.1559211438027,1887.910715815754,102209,CONCORDBIO
2024-10-15,1922.3411865234375,1940.525275235131,1908.6783147937447,1940.525275235131,37350,CONCORDBIO
2024-10-16,1985.6375732421875,2020.8628914108758,1910.7649408057025,1922.3908750856908,183155,CONCORDBIO
2024-10-17,2006.1070556640625,2107.063232499713,1987.3267932088784,2021.1113486934291,375127,CONCORDBIO
2024-10-18,2005.262451171875,2030.5014042210976,1945.6922582089346,1983.3521249204414,78649,CONCORDBIO
2024-10-21,1942.810546875,2016.8881986499591,1918.0684263258456,2005.2623858930506,46320,CONCORDBIO
2024-10-22,1827.396728515625,1941.4196039293683,1806.6787495402614,1941.4196039293683,113073,CONCORDBIO
2024-10-23,1831.6693115234375,1869.3789084249624,1789.836108757839,1825.3595735118113,67039,CONCORDBIO
2024-10-24,1803.4493408203125,1857.4550436929433,1792.3700909384834,1834.1535641653647,72162,CONCORDBIO
2024-10-25,1795.9471435546875,1833.3585925354523,1762.3612741705376,1812.6406148754056,97504,CONCORDBIO
2024-10-28,1817.26123046875,1836.289908268883,1750.4373688177313,1769.0189466199597,53402,CONCORDBIO
2024-10-29,1808.964111328125,1836.2898531910876,1783.6256961461052,1813.435596360246,53829,CONCORDBIO
2024-10-30,1794.5560302734375,1863.3174863476986,1781.9365541052944,1808.9641490104057,82741,CONCORDBIO
2024-10-31,1818.7021484375,1870.4222550293441,1798.729417291789,1798.729417291789,185703,CONCORDBIO
2024-11-01,1849.5057373046875,1863.2182194641482,1820.739109059807,1820.739109059807,9377,CONCORDBIO
2024-11-04,1803.7474365234375,1863.4169705473116,1783.6257532348548,1863.4169705473116,29733,CONCORDBIO
2024-11-05,1799.375244140625,1818.4039214578627,1790.7304215573301,1803.7473871182433,58030,CONCORDBIO
2024-11-06,1826.6016845703125,1831.2718538769602,1798.580426136831,1798.580426136831,36096,CONCORDBIO
2024-11-07,1816.1185302734375,1858.0014664418031,1812.4917559356022,1826.6514592500348,28769,CONCORDBIO
2024-11-08,1838.2772216796875,1855.2688409288269,1793.0655386599979,1816.1184801645054,43172,CONCORDBIO
2024-11-11,1871.0184326171875,1915.4848693419183,1811.4980925638708,1838.2275407307939,249836,CONCORDBIO
2024-11-12,1850.4495849609375,1921.695199077042,1846.2762473838923,1899.8843369286146,50673,CONCORDBIO
2024-11-13,1842.00341796875,1896.3567541906339,1824.4156253556826,1882.9920307758766,95313,CONCORDBIO
2024-11-14,1885.724609375,1902.9646441184898,1822.3785712521408,1823.8690662667962,76738,CONCORDBIO
2024-11-18,1902.8653564453125,1921.496544661161,1833.2591887521837,1917.7205753306962,62414,CONCORDBIO
2024-11-19,1888.854736328125,1925.7196233306681,1860.1875721803176,1902.865365675041,36596,CONCORDBIO
2024-11-21,1978.5823974609375,2006.2062868787284,1892.9286659256948,1893.8725975815855,396104,CONCORDBIO
2024-11-22,2006.5045166015625,2032.0416170105548,1946.7356398907675,1979.5265315100087,74968,CONCORDBIO
2024-11-25,2048.735107421875,2083.7120082063834,1991.7484182668263,2059.864088226911,166279,CONCORDBIO
2024-11-26,2059.56591796875,2087.5376860253214,1999.0519187264101,2056.883075519398,94373,CONCORDBIO
2024-11-27,2054.5478515625,2079.737313578052,2001.386985627363,2075.6631969583595,63758,CONCORDBIO
2024-11-28,2020.8131103515625,2069.800762121648,2010.9759402046477,2052.9084851384177,33801,CONCORDBIO
2024-11-29,2114.018798828125,2131.4079076316466,2018.1800162554346,2027.073254810517,91057,CONCORDBIO
2024-12-02,2170.4091796875,2194.4557843213224,2116.403479392187,2131.4078930661267,178038,CONCORDBIO
2024-12-03,2183.72412109375,2205.932593566414,2153.268437053342,2205.932593566414,75806,CONCORDBIO
2024-12-04,2167.279296875,2205.932705350229,2121.570781358734,2185.0657743536726,79147,CONCORDBIO
2024-12-05,2184.419921875,2193.015012812565,2126.787447591752,2147.3064987258513,58728,CONCORDBIO
2024-12-06,2157.938720703125,2184.0721161991137,2122.564449818571,2181.190589425372,65346,CONCORDBIO
2024-12-09,2088.431884765625,2171.154356233087,2076.756340744692,2171.154356233087,56040,CONCORDBIO
2024-12-10,2079.787109375,2096.2322862266155,2059.466742521648,2076.7563876589807,45558,CONCORDBIO
2024-12-11,2180.79296875,2202.4548789247356,2057.9265890091656,2111.3359956151685,103440,CONCORDBIO
2024-12-12,2128.8740234375,2192.0213786718095,2116.5029630874683,2185.4136143456176,50781,CONCORDBIO
2024-12-13,2098.020751953125,2131.407938374898,2082.5197488665567,2126.290669033488,30840,CONCORDBIO
2024-12-16,2090.1708984375,2119.4839678474864,2067.664520148288,2104.03245392791,38276,CONCORDBIO
2024-12-17,2046.0523681640625,2090.1709253143854,2022.6018152970914,2090.1709253143854,89415,CONCORDBIO
2024-12-18,2159.578369140625,2171.651281975529,2037.059627843328,2064.8324703478147,225175,CONCORDBIO
2024-12-19,2111.7333984375,2164.993853444475,2096.6794950413882,2116.8509104776745,121853,CONCORDBIO
2024-12-20,2115.857177734375,2149.244121154393,2082.7681392481977,2136.376229130211,55257,CONCORDBIO
2024-12-23,2122.365478515625,2139.3572190485247,2048.933853078522,2111.5346449039084,61779,CONCORDBIO
2024-12-24,2137.419677734375,2168.1735110520717,2086.593649918676,2114.7641039855966,24792,CONCORDBIO
2024-12-26,2175.278076171875,2220.837638865686,2101.647765781748,2140.152221489151,89816,CONCORDBIO
2024-12-27,2151.47998046875,2193.8101390408624,2134.3890182269947,2188.5934061052517,41423,CONCORDBIO
2024-12-30,2178.4580078125,2226.799634203896,2128.07908038013,2137.419661706712,102803,CONCORDBIO
