date,close,return_1m,return_3m,return_6m,return_12m,volatility_60d,pct_from_52w_high
2022-12-29,359.38446044921875,,,,,,
2022-12-30,340.2719421386719,,,,,,
2023-01-02,348.3218994140625,,,,,,
2023-01-03,353.8531799316406,,,,,,
2023-01-04,350.3961181640625,,,,,,
2023-01-05,342.9881896972656,,,,,,
2023-01-06,341.0621032714844,,,,,,
2023-01-09,335.7283935546875,,,,,,
2023-01-10,333.3084716796875,,,,,,
2023-01-11,328.3698425292969,,,,,,
2023-01-12,324.7646179199219,,,,,,
2023-01-13,330.59222412109375,,,,,,
2023-01-16,329.65386962890625,,,,,,
2023-01-17,329.1106262207031,,,,,,
2023-01-18,328.86370849609375,,,,,,
2023-01-19,330.8885498046875,,,,,,
2023-01-20,330.3946838378906,,,,,,
2023-01-23,332.2713317871094,,,,,,
2023-01-24,336.2222595214844,,,,,,
2023-01-25,327.92535400390625,,,,,,
2023-01-27,312.5168151855469,,,,,,
2023-01-30,318.09747314453125,-0.11488250564056146,,,,,
2023-01-31,315.7763366699219,-0.07198832003247346,,,,,
2023-02-01,304.269287109375,-0.12647098094834575,,,,,
2023-02-02,304.1705322265625,-0.14040469472303763,,,,,
2023-02-03,296.4168701171875,-0.1540520720654811,,,,,
2023-02-06,304.0223388671875,-0.11360697540189613,,,,,
2023-02-07,299.38006591796875,-0.12221245618818244,,,,,
2023-02-08,301.3554992675781,-0.1023830422061407,,,,,
2023-02-09,312.9613037109375,-0.061046057024028544,,,,,
2023-02-10,314.9861145019531,-0.040758091316347556,,,,,
2023-02-13,309.4054870605469,-0.04729311634299438,,,,,
2023-02-14,310.6894836425781,-0.060203292837357814,,,,,
2023-02-15,311.2327575683594,-0.0558801632793926,,,,,
2023-02-16,313.35638427734375,-0.04786913787704472,,,,,
2023-02-17,314.2453308105469,-0.044451173260793286,,,,,
2023-02-20,311.183349609375,-0.05955237860888152,,,,,
2023-02-21,302.3926086425781,-0.08475340725836811,,,,,
2023-02-22,294.83648681640625,-0.11266348128609582,,,,,
2023-02-23,289.6015625,-0.138660352493721,,,,,
2023-02-24,292.9104309082031,-0.10677711457250127,,,,,
2023-02-27,288.91015625,-0.07553724404087236,,,,,
2023-02-28,290.7868347167969,-0.08585619419656776,,,,,
2023-03-01,289.4040222167969,-0.08351580340452092,,,,,
2023-03-02,286.63836669921875,-0.057945120184997534,,,,,
2023-03-03,289.6015625,-0.047897373949790656,,,,,
2023-03-06,295.1822204589844,-0.004165247604547617,,,,,
2023-03-08,298.0959777832031,-0.01949317640955761,,,,,
2023-03-09,297.6515197753906,-0.005773751626642176,,,,,
2023-03-10,294.04632568359375,-0.02425432289023688,,,,,
2023-03-13,289.65093994140625,-0.07448321403677927,,,,,
2023-03-14,285.35430908203125,-0.09407337039848507,,,,,
2023-03-15,286.7865295410156,-0.0731045778613002,,,,,
2023-03-16,280.1193542480469,-0.09839447745743335,,,,,
2023-03-17,277.20556640625,-0.10933036556936204,,,,,
2023-03-20,269.5013122558594,-0.13995269993500237,,,,,
2023-03-21,288.36688232421875,-0.08235109944061447,,,,,
2023-03-22,286.29266357421875,-0.07998720389892733,,,,,
2023-03-23,296.21929931640625,-0.020414881679428176,,,,,
2023-03-24,288.4656677246094,-0.021607973831827554,,,,,
2023-03-27,274.5881042480469,-0.05184177226928166,,,,0.33580056876969944,
2023-03-28,272.71142578125,-0.06895966478327087,,,,0.32002108633813886,
2023-03-29,276.8598327636719,-0.041709587654304325,,,,0.31741925873597454,
2023-03-31,276.81048583984375,-0.04806389838991498,-0.2297650112811228,,,0.31490094085532927,
2023-04-03,282.24298095703125,-0.024744097213691085,-0.17053701465045257,,,0.3183012105967382,
2023-04-05,279.1809997558594,-0.026016639116509754,-0.19849713662709711,,,0.3165451463427037,
2023-04-06,282.5392761230469,-0.02438621641398475,-0.20153529162114803,,,0.31803909663779323,
2023-04-10,278.0945129394531,-0.05788867463955405,-0.20634248348252626,,,0.3180550112373302,
2023-04-11,277.20556640625,-0.07007948088499916,-0.19179267761108,,,0.3179311875126434,
2023-04-12,287.9718017578125,-0.032520304364252794,-0.15566168449800522,,,0.32817088441597236,
2023-04-13,292.4659729003906,-0.005374502740441156,-0.1288613697406853,,,0.3295756204448868,
2023-04-17,286.3914489746094,-0.011253168960736804,-0.14076156681119645,,,0.32935327771415135,
2023-04-18,291.5276184082031,0.021633839510015074,-0.11219734381608659,,,0.3319168346967477,
2023-04-19,289.5027770996094,0.009471321972273072,-0.10857660864093,,,0.33208178676119215,
2023-04-20,292.4659729003906,0.044076278433123894,-0.11532712640796339,,,0.3330090568312962,
2023-04-21,293.5524597167969,0.05897029241682028,-0.10951307792245546,,,0.3327993145450917,
2023-04-24,305.7508850097656,0.13450610852496192,-0.07097838644466115,,,0.3444463076983607,
2023-04-25,311.183349609375,0.07912305012717469,-0.053761964090144554,,,0.3463422581812338,
2023-04-26,316.9615783691406,0.10712434755412881,-0.042089614293899014,,,0.3476601552961847,
2023-04-27,310.83770751953125,0.04934995200130543,-0.059192769360523645,,,0.34625598617279746,
2023-04-28,310.1956481933594,0.07532952063291987,-0.06643872486686331,,,0.33255131355862916,
2023-05-02,297.5033874511719,0.08345329913645738,-0.11515856245037936,,,0.34084956913558556,
2023-05-03,313.6033020019531,0.1499455921348294,-0.04367473215194739,,,0.3586892037923322,
2023-05-04,330.0489501953125,0.19211568865261497,0.05609981337918235,,,0.36615317168667005,
2023-05-05,312.31927490234375,0.12827833799274702,-0.018164866841183902,,,0.38331014172710914,
2023-05-08,301.1085510253906,0.06684159161156056,-0.04644992021635663,,,0.38692537644053887,
2023-05-09,302.59014892578125,0.08384936364005036,-0.005518592426944968,,,0.3834970082291962,
2023-05-10,304.4668273925781,0.07760886051106652,0.0009741087141041938,,,0.38231887603929393,
2023-05-11,310.6894836425781,0.11720824822682352,0.048150476454825286,,,0.38429875037674527,
2023-05-12,327.57965087890625,0.18172104235032593,0.07748546405996093,,,0.39223477563121706,
2023-05-15,323.87567138671875,0.12467842132370244,0.0818210971850808,,,0.39287877681487626,
2023-05-16,320.6161804199219,0.09625122280163101,0.0639134882195791,,,0.3916524007288839,
2023-05-17,322.59161376953125,0.12640099739196908,0.030771568064174026,,,0.3917455873011589,
2023-05-18,335.8271789550781,0.15195665092988153,0.06616502599194973,,,0.40027702286902606,
2023-05-19,337.3581237792969,0.16530185706378187,0.0903430543016841,,,0.4001771799316262,
2023-05-22,332.81463623046875,0.13796019731779285,0.07121307206311411,,,0.4013449840034155,
2023-05-23,326.2956237792969,0.1115410993118191,0.048397431968995264,,,0.40300224985896016,
2023-05-24,330.5428161621094,0.08108539457392538,0.05484627965822564,,,0.39901780865865893,
2023-05-25,330.3946838378906,0.06173638227312428,0.05139090845260608,,,0.3951335416325244,
2023-05-26,329.6044921875,0.03988784345222807,0.05919707015574205,,,0.3930682947367254,
2023-05-29,322.1471252441406,0.03638367370181039,0.06532737916524911,,,0.395934200747128,
2023-05-30,325.1103210449219,0.04808150255630106,0.10268008059452649,,,0.3948701037428304,
2023-05-31,331.9256286621094,0.11570369502628641,0.14614584878874526,,,0.39664034949822136,
2023-06-01,324.81402587890625,0.035748105346426806,0.1089192859120185,,,0.3994065698397875,
2023-06-02,324.3201599121094,-0.017357395864501357,0.12256406670407372,,,0.3987322836878608,
2023-06-05,327.3821105957031,0.04822896600944415,0.12584914965131455,,,0.39865996989944963,
2023-06-06,333.70355224609375,0.10825000190032652,0.15307157685635553,,,0.39866703518996205,
2023-06-07,333.1602783203125,0.10102817128402108,0.16230176077548997,,,0.39843742445737534,
2023-06-08,336.9630432128906,0.10673154805929652,0.16354014220103053,,,0.3988096130842414,
2023-06-09,337.2593994140625,0.08551919897633486,0.1425464544905568,,,0.3976806996774096,
2023-06-12,338.2471008300781,0.032564446303519734,0.13469193159015314,,,0.39599662774470534,
2023-06-13,351.482666015625,0.08523948251717406,0.1808529191480548,,,0.4010895710542786,
2023-06-14,359.5820007324219,0.12153416668324457,0.2228753408037727,,,0.40302151131527497,
2023-06-15,355.3841552734375,0.10165342217276052,0.22693941661410966,,,0.4003572799109646,
2023-06-16,359.63140869140625,0.07088238006939962,0.2602978025750522,,,0.39947482129793577,
2023-06-19,355.5323181152344,0.05387211113323365,0.239710661042003,,,0.39517650649394886,
2023-06-20,357.013916015625,0.07271098428615574,0.2745064223569773,,,0.371177944561974,
2023-06-21,348.71697998046875,0.06871485416040235,0.25797250214455447,,,0.3746545405203695,
2023-06-22,347.13665771484375,0.05020179154217708,0.28807038009996355,,,0.3693286147891682,
2023-06-23,337.9507751464844,0.02286989373079984,0.17194725144102052,,,0.36942546333921367,
2023-06-26,345.3093566894531,0.047647604550908884,0.20614112977413002,,,0.3557127876163304,
2023-06-27,341.7041320800781,0.06070830779916525,0.15355121313377795,,,0.35626139076512753,
2023-06-28,342.2967529296875,0.05286338443371319,0.18661175740493752,,,0.35552170559291424,
2023-06-30,366.19976806640625,0.10325849059153835,0.3336330394546252,,,0.3802755697551671,
2023-07-03,361.95257568359375,0.11433788828605906,0.3272365638758632,,,0.3805141726983001,
2023-07-04,361.162353515625,0.11359822224279803,0.3044953105346775,,,0.37944054130314253,
2023-07-05,354.7421569824219,0.08357220966330292,0.28153438951610954,-0.012917373948206134,,0.3818498216487995,
2023-07-06,354.7421569824219,0.06304579197530669,0.2568679503722642,0.04252544230594513,,0.3797184744208096,
2023-07-07,352.32220458984375,0.057515638917519096,0.26198489473834363,0.011484506666133987,,0.3800984402756653,
2023-07-10,347.2848205566406,0.030631778622763672,0.22915590824051257,-0.018562386174596268,,0.37503133837893077,
2023-07-11,353.1123962402344,0.047005352122769795,0.26975679062432345,0.007752021028098355,,0.37520226600642276,
2023-07-12,374.2003479003906,0.1062928462123729,0.34990199782638176,0.09100067915071364,,0.38904553937070635,
2023-07-13,375.1880798339844,0.06744404805813553,0.30286395245573994,0.10005795494475045,,0.38809477460622316,
2023-07-14,370.3482360839844,0.02994097404662388,0.2662951262713875,0.1031186018041026,,0.3890357469784138,
2023-07-17,370.9902648925781,0.04391335231907867,0.29539574669866986,0.11305381175280527,,0.3888816503772452,
2023-07-18,374.2497253417969,0.040648053248692584,0.2837539283079673,0.1397201474383465,,0.3889899631157417,
2023-07-19,380.5711975097656,0.07042645103901846,0.31456838280629795,0.1718370059745984,,0.38213752061456363,
2023-07-20,377.16357421875,0.056439419583417916,0.2895981384720132,0.1408724909409771,,0.38193050550690283,
2023-07-21,374.941162109375,0.07520190766269841,0.27725437038101264,0.13737831299068004,,0.3810950694856664,
2023-07-24,368.7184753417969,0.0621709552918539,0.2059440983466656,0.12034813210355755,,0.380451400625662,
2023-07-25,372.7187805175781,0.1028789040534781,0.19774654069842712,0.1333533341883033,,0.3806188656871444,
2023-07-26,376.1758117675781,0.08938783291031438,0.1868183320612924,0.1368656062279041,,0.36942411305950834,
2023-07-27,390.00396728515625,0.14134987163034674,0.25468679587611054,0.18041840974812162,,0.36102007912667444,
2023-07-28,384.37396240234375,0.12292611341627158,0.23913396155301814,0.15680748120821097,,0.34840253993944054,
2023-07-31,381.0650634765625,0.0405934047655121,0.28087638511042257,0.1333725019244678,,0.32887806940052233,
2023-08-01,375.5337829589844,0.037522062799914435,0.1974803216729062,0.14518068936661432,,0.32074986127483357,
2023-08-02,377.65740966796875,0.04567213606783116,0.14424666233442962,0.20843868655114361,,0.3207635206387038,
2023-08-03,381.80584716796875,0.0762911586707411,0.22248569924911643,0.2002794093070046,,0.3210599132627695,
2023-08-04,384.37396240234375,0.08353054419012906,0.2765295475449048,0.21723485190762193,,0.31928206207787874,
2023-08-07,378.10186767578125,0.07317070213030963,0.24955114704848302,0.24265538355130079,,0.3039126193273241,
2023-08-08,376.9166259765625,0.08532421708621452,0.2379562962718691,0.23916220028774782,,0.3027781029624012,
2023-08-09,374.6942138671875,0.061118833144193196,0.20600867938691292,0.2640785719080472,,0.30214710186935867,
2023-08-10,384.9665832519531,0.02877131304652991,0.17518466797029664,0.2662443973241262,,0.30627565982042504,
2023-08-11,377.8549499511719,0.007108088610831009,0.16666666666666674,0.2621246133825943,,0.29901750445854297,
2023-08-14,374.4472961425781,0.011068123617751446,0.16789893651702736,0.24254343143776746,,0.29984162386393237,
2023-08-16,372.3730773925781,0.0037273552188772374,0.15431729002915806,0.18983744308694317,,0.2985420430716362,
2023-08-17,373.3608093261719,-0.0023751948376532495,0.11176471924600961,0.1853246607918546,,0.2951187166466552,
2023-08-18,375.3856201171875,-0.013625774694747017,0.11272144838808917,0.21324810262246285,,0.2943629957086063,
2023-08-21,373.3114013671875,-0.010213533636014072,0.12167964004045606,0.2015578930783848,,0.2947482810124425,
2023-08-22,375.2868957519531,0.0009221010588249534,0.15014382174427654,0.20580782911170536,,0.29465720430191694,
2023-08-23,379.089599609375,0.02812748739526616,0.14686987910049343,0.2097714252212346,,0.2904238938783678,
2023-08-24,379.73162841796875,0.018815386470872664,0.14932729548483126,0.20839226930917376,,0.29013341928454783,
2023-08-25,422.5989990234375,0.12340821978352534,0.28213968268076983,0.35803859542588423,,0.3660170150085712,
2023-08-28,418.1542053222656,0.07217936328459706,0.2980224641314604,0.3828188698107875,,0.36341789120004175,
2023-08-29,414.30206298828125,0.07786193528533092,0.2743430034970664,0.40519264580121606,,0.36429994222389345,
2023-08-30,428.67352294921875,0.12493525131459449,0.2914746133857471,0.48021826694812386,,0.3694483753065978,
2023-08-31,442.64984130859375,0.1787217592536534,0.3627793322989623,0.5112122840286228,,0.3726752024969463,
2023-09-01,438.2050476074219,0.16032424199669681,0.35114957924963797,0.5167519664079718,,0.37370988870773514,
2023-09-04,438.3038330078125,0.14797569565504443,0.33881424434058616,0.5073028785319162,,0.3735727306441766,
2023-09-05,450.50225830078125,0.17204155943637423,0.3500073801088963,0.5566551385498826,,0.3764815253877984,
2023-09-06,443.68695068359375,0.1734587649909496,0.33175225126032837,0.5478979865566023,,0.3787389704473181,
2023-09-07,444.6252746582031,0.1796382648449446,0.31950753536283893,0.5352999853314091,,0.3719455389258033,
2023-09-08,455.638427734375,0.21602739212802113,0.351002903183657,0.5435835770389363,,0.37233596239021693,
2023-09-11,470.9975891113281,0.22347655511457565,0.3924660047505879,0.5800199406040678,,0.37566593209965854,
2023-09-12,449.8602600097656,0.19056336318446698,0.2798931597661414,0.5113655739074758,,0.38897329337544656,
2023-09-13,461.1697082519531,0.23160111717392073,0.28251610846096376,0.5683573232205295,,0.3899922005676623,
2023-09-14,451.2924499511719,0.21193630084967774,0.26987217425025944,0.5580562246491043,,0.3936304239452283,
2023-09-15,459.2436828613281,0.2300264821317335,0.27698435610054717,0.6093805779162376,,0.3903550541108102,
2023-09-18,447.7860412597656,0.19286945813208356,0.25948055477373,0.5613914711280892,,0.3946778817689316,
2023-09-20,446.0574951171875,0.1948670559848431,0.24941206800931948,0.5923837048481901,,0.38978101649704683,
2023-09-21,442.6992492675781,0.17962885003099438,0.2695087267972245,0.5970070695434522,,0.3889956537060457,
2023-09-22,445.90936279296875,0.17626377313555097,0.28453550750973156,0.6545721394099593,,0.3877938348663816,
2023-09-25,451.4405822753906,0.18884114066603952,0.33581756715815847,0.5655077262576347,,0.3880582188598506,
2023-09-26,454.5025634765625,0.07549370568044256,0.3162184999386217,0.58754526854558,,0.36375531685849016,
2023-09-27,459.095458984375,0.09790946292302993,0.34354669985900643,0.5498499255242408,,0.3625340656365959,
2023-09-28,463.6884460449219,0.1192038067597978,0.35463875154015834,0.6074302696138978,,0.36247523621369276,
2023-09-29,463.6884460449219,0.08168202891283083,0.26621720295802365,0.688669096990643,,0.3596451318612355,
2023-10-03,479.4920654296875,0.08323107947396546,0.3247372657152816,0.7582397365862568,,0.364485570226383,
2023-10-04,468.08380126953125,0.06818441235500572,0.29604815317297595,0.6906887380412765,,0.3685303561877065,
2023-10-05,462.65130615234375,0.055549304639773256,0.30419037333436805,0.6713648139038464,,0.36796906898441656,
2023-10-06,458.3053283691406,0.0173208234244846,0.2919392842048105,0.6237970801439103,,0.3683142468210149,
2023-10-09,450.8479919433594,0.016139850966390812,0.27964682915235084,0.6148949689900847,,0.3523290903335995,
2023-10-10,460.92279052734375,0.03665449716431213,0.3272183615412849,0.6313582906137631,,0.3544687032165056,
2023-10-11,463.24395751953125,0.01669202885931753,0.3118881196240153,0.665778848431968,,0.35278867953792514,
2023-10-12,462.7500915527344,-0.01751070015911338,0.23663725634994615,0.6693391029333278,,0.352911215103266,
2023-10-13,462.7500915527344,0.02865296779646398,0.2333816462332572,0.6069284864978286,,0.35285378997741473,
2023-10-16,451.9344482421875,-0.02002572988753215,0.22029593827929483,0.5452547992518411,,0.35609696451449463,
2023-10-17,449.46514892578125,-0.004049039653972297,0.2115281490093166,0.5694084112323812,,0.3556635688050908,
2023-10-18,444.6252746582031,-0.03183148456619955,0.18804435795412622,0.5251566115277264,,0.3563337326527173,
2023-10-19,447.7860412597656,0.0,0.17661568765533087,0.5467417817055884,,0.3540456045161581,
2023-10-20,455.6878356933594,0.021589908658841805,0.20819683246788379,0.5580883860583659,,0.354922784465232,
2023-10-23,447.48968505859375,0.010820971119650968,0.19349308713150948,0.5243942615582475,,0.357448362297616,
2023-10-25,441.2176513671875,-0.010521670584341503,0.19662474455120504,0.44306254862711225,,0.35215766991952174,
2023-10-26,432.5750427246094,-0.041789640301484354,0.16059363073658783,0.39009700637137557,,0.35335932573342055,
2023-10-27,446.2056579589844,-0.018254914678838663,0.18616254421662415,0.40775945228075305,,0.3576536229125646,
2023-10-30,446.2056579589844,-0.028076516055954515,0.14410543324738945,0.43549398018561636,,0.35587159187299133,
2023-10-31,446.2550048828125,-0.037597316281675064,0.16099176461826703,0.4386243246218626,,0.35588416467627115,
2023-11-01,447.193359375,-0.03557364176446143,0.17353544640154284,0.5031538403857543,,0.35550103929922927,
2023-11-02,459.3424072265625,-0.04202292312192546,0.2231719969564807,0.46472439637673757,,0.35889825995808544,
2023-11-03,463.93536376953125,-0.008862595733389322,0.22845561054241426,0.4056562321891617,,0.35682621745490684,
2023-11-06,471.6396484375,0.01942789778312326,0.23528660426724812,0.5101202081907135,,0.3575142591407433,
2023-11-07,477.9117126464844,0.0427801796394387,0.24335090144901628,0.5871741636662622,,0.35741226973854007,
2023-11-08,470.65191650390625,0.0439259460271364,0.24477543418930092,0.5554105716090145,,0.35630994025807416,
2023-11-09,503.04931640625,0.09139605752778923,0.3346434774610625,0.6522302962011048,,0.3775088277613582,
2023-11-10,504.7778625488281,0.08965881660214792,0.3471728248457808,0.624702119398197,,0.3763875166414313,
2023-11-13,508.53118896484375,0.09893265986937627,0.32097488740216185,0.5523894344488096,,0.37573640119803675,
2023-11-15,517.9146118164062,0.11921017687661628,0.3706704434686736,0.5991155173801193,,0.3766236643849405,
2023-11-16,519.8406982421875,0.15025685752463303,0.38828802770750404,0.6213801111389154,,0.37664594153795405,
2023-11-17,525.1744384765625,0.16844307001716596,0.41034481373875464,0.627985403401597,,0.3760235964751532,
2023-11-20,527.0510864257812,0.18538265021245448,0.4116400898556656,0.5694116481747957,,0.3760533756015588,
2023-11-21,518.2603149414062,0.1573838109901191,0.38060779946662926,0.5362319102784003,,0.37878231184230254,
2023-11-22,514.1612548828125,0.128319025897371,0.37729855825401293,0.5448877510506003,,0.3797042907923598,
2023-11-23,506.70391845703125,0.13232535938942158,0.35017748872302357,0.5528982969129881,,0.3086992502326716,
2023-11-24,518.7542114257812,0.17573313265762058,0.36842111194905036,0.5694009552195702,,0.31018219487204246,
2023-11-28,518.6554565429688,0.1989953310208903,0.36584739781561515,0.5698056957764157,,0.3091167036171137,
2023-11-29,519.0999145507812,0.16336470703941042,0.22835102721573586,0.5749175962549813,,0.30244473294313023,
2023-11-30,522.6063232421875,0.1712229863526875,0.2497932977606241,0.6222597760142294,,0.29635189680772556,
2023-12-01,528.5820922851562,0.18448440129867683,0.2758374613744259,0.6258545425019584,,0.2956008054573607,
2023-12-04,530.2118530273438,0.18564339543943786,0.23686634383097505,0.597381483208951,,0.2955318960884906,
2023-12-05,523.6434326171875,0.13998495322664528,0.182974404936314,0.6121330696858722,,0.2927814537164481,
2023-12-06,524.9768676757812,0.1315732937672187,0.198016477770234,0.6186994598733848,,0.2904217981673631,
2023-12-07,532.4342651367188,0.12890056402303296,0.214760686629059,0.6263389107239354,,0.29132514097278694,
2023-12-08,513.1735229492188,0.07378310547667599,0.1391142075176781,0.5378125869357624,,0.2987079591689243,
2023-12-11,511.44500732421875,0.08667358910026657,0.15271591047748734,0.5351320088419929,,0.2915592360958829,
2023-12-12,505.1729736328125,0.004221568655999208,0.13617691666573428,0.4991940030457529,,0.2766630688414031,
2023-12-13,497.56744384765625,-0.014284340174435473,0.09202256342110982,0.4753256535239785,,0.2746108431954291,
2023-12-14,525.2731323242188,0.03292215644325491,0.11523528881601486,0.5529272269745042,,0.29213227062680236,
2023-12-15,508.4324645996094,-0.018308321488636037,0.13020088635651494,0.44653638360933345,,0.2989561537525208,
2023-12-18,506.6051940917969,-0.025460692468184498,0.09852226854201951,0.4088725049082207,,0.29393511928960064,
2023-12-19,482.20831298828125,-0.08181305551145701,0.06850516342663027,0.3568649750782038,,0.3113553517250924,
2023-12-20,462.2562255859375,-0.1229384826416976,0.006559791320023489,0.2853611069955013,,0.3230492413944018,
2023-12-21,479.3932800292969,-0.07499519795665543,0.07058558297308681,0.34838172397570033,,0.3312220319046501,
2023-12-22,485.8135070800781,-0.055133963388967144,0.08912755059175947,0.3607691053107749,,0.33136814136388354,
2023-12-26,496.43157958984375,-0.020272862500191224,0.1213743425387841,0.42359451385948654,,0.3338375976066775,
2023-12-27,496.9748229980469,-0.04198402239063148,0.11451982054206677,0.43164028330965865,,0.3333775994088914,
2023-12-28,487.1963195800781,-0.060655174000438516,0.07920363987762968,0.44161918068956485,,0.3356989963927958,
2023-12-29,476.77581787109375,-0.08153362289861665,0.04900578387096344,0.3807208192735776,,0.338829980710468,
2024-01-01,477.02276611328125,-0.08722350859842509,0.039049192881509986,0.396011114087117,,0.33160524858551677,
2024-01-02,475.5905456542969,-0.10025225486124079,0.025668311796196663,0.38941004138590163,,0.32791676566759265,
2024-01-03,482.3564758300781,-0.09025708671736854,0.04025985539296295,0.3171949244451955,,0.32812583705772647,
2024-01-04,490.455810546875,-0.0633782837768816,0.022865331686693358,0.3550278226935848,,0.32900288187851695,
2024-01-05,500.72821044921875,-0.046189953728662525,0.06974052315237089,0.38643522940592345,,0.32933415238018154,-0.05954923783757325
2024-01-08,504.3333740234375,-0.05277814174124473,0.09009391590773652,0.42168999115723405,0.4033254899030341,0.32678263770682286,-0.05277814174124479
2024-01-09,508.58062744140625,-0.008949985341053956,0.10969826436704988,0.43366278134968694,0.49462992524415395,0.32700347795150464,-0.044801094251864786
2024-01-10,513.6179809570312,0.004248694584352508,0.13922650235859924,0.4578075814295046,0.47454978231637246,0.3273705752209185,-0.03534010752455206
2024-01-11,523.544677734375,0.036367155529812845,0.13586198923985782,0.507536888295949,0.4795534064029503,0.32927010733599466,-0.016696121914807786
2024-01-12,523.1495971679688,0.051414443683226896,0.12931769249448166,0.48153846406471756,0.4930233813920839,0.324981631963145,-0.017438148850855567
2024-01-15,523.1495971679688,-0.004042725632765198,0.13052294687304533,0.3980467952617386,0.5252700031150355,0.3245918956570883,-0.017438148850855567
2024-01-16,530.8538818359375,0.04409910616936119,0.14717185696211166,0.4149007134523921,0.5564727852903066,0.32426606090936827,-0.002968222378353952
2024-01-17,516.4330444335938,0.019399426726004032,0.14271670690799398,0.39445255604371643,0.5382465539051016,0.3300407574644157,-0.030052950666156316
2024-01-18,531.64404296875,0.1025194478172966,0.1828370770000205,0.43304041447742536,0.5950510957299184,0.33321312766601985,-0.0014841685062583947
2024-01-19,536.1875,0.15993570301914306,0.20593122019926446,0.43269978223847105,0.6328768070477173,0.33057274333713915,0.0
2024-01-23,541.5213012695312,0.12959718842207724,0.2093304644916092,0.4229171960803355,0.6674270268045508,0.32887651447862215,0.0
2024-01-24,538.1136474609375,0.10765476796889173,0.18088218581073545,0.4267381164142816,0.6277262687939993,0.3259834936618556,-0.006292741948663732
2024-01-25,533.71826171875,0.07510940814787181,0.19269399840773005,0.4234720421628655,0.6190262299045981,0.32171830042347366,-0.01440947850525541
2024-01-29,552.3862915039062,0.11149753657858263,0.25195873236767374,0.49812479830811807,0.678421319442519,0.32815825227547957,0.0
2024-01-30,592.2904663085938,0.21571211132936696,0.36922015328948166,0.5891081889839469,0.8010210643708926,0.35676620556466476,0.0
2024-01-31,613.0821533203125,0.2858918811315887,0.3739900926506574,0.629775584026939,0.8528358073502227,0.36200342030798277,0.0
2024-02-01,620.3419189453125,0.3004451003455806,0.3902600916869927,0.590604124526102,0.8775783912119044,0.35944346874419214,0.0
2024-02-02,628.4412841796875,0.32139145725679885,0.40825599108903554,0.6349736081287058,0.8913497014612688,0.3596698163417855,0.0
2024-02-05,630.416748046875,0.30695197356271153,0.4097184916340195,0.6543546193802385,0.8750000340372819,0.35892299679143236,0.0
2024-02-06,631.7501220703125,0.2880877512000306,0.3753359414052815,0.6822724099347195,0.9265058781114774,0.3585630147600498,0.0
2024-02-07,643.2078247070312,0.2845448115056062,0.38641689109640076,0.7031516084181448,1.0581542926742906,0.35708523565585265,0.0
2024-02-08,657.8755493164062,0.3044457955817006,0.3948690520313318,0.7230630546812593,1.068157105471545,0.33390290561371344,0.0
2024-02-09,670.962890625,0.31928519181022463,0.4039473669926925,0.745599224337337,1.1248042133263185,0.3353375157442477,0.0
2024-02-12,651.99853515625,0.2694231108135514,0.3853094235744785,0.7243991392164519,1.142833873738553,0.3421300186043372,-0.028264387991837756
2024-02-13,613.6254272460938,0.17205933579831378,0.21981167101029375,0.6280136904447677,1.017373026750115,0.36449815154010745,-0.08545549117552026
2024-02-14,619.5023193359375,0.18417814462548954,0.2272771159333713,0.6533543791405427,1.089969842441893,0.36473904627044657,-0.07669659828895622
2024-02-15,626.7127685546875,0.19796091203615607,0.2323978984070021,0.6279666750828505,1.061403681354046,0.36486417852031144,-0.06595017800327771
2024-02-16,643.9979858398438,0.2131360584811055,0.24344432681913286,0.7043523868697872,1.1511050973457317,0.3682677648759691,-0.04018836982182206
2024-02-19,630.0216064453125,0.21994828416972978,0.21195129310901528,0.6825374703878739,1.0906258819783696,0.3695913382005633,-0.061018701260140945
2024-02-20,631.4044189453125,0.1876450555516267,0.20227561108439374,0.6956231727774667,1.0175159403365113,0.36883536725835386,-0.05895776388294574
2024-02-21,643.01025390625,0.19922649055834007,0.22001504307077835,0.7222221450256971,1.0413923798608047,0.3680615167551807,-0.04166048094360658
2024-02-22,648.2945556640625,0.1971727689090239,0.25090526319260564,0.7270095627575679,1.0952910752264686,0.36590831099389276,-0.033784781956900795
2024-02-23,694.42138671875,0.2904734715340205,0.3505906563827381,0.8601665638272862,1.2350978172071727,0.39079629315214137,0.0
2024-02-26,714.571044921875,0.3388544034838137,0.41023390365289036,0.9040660705461259,1.2959377750104797,0.3937183540366542,0.0
2024-02-27,709.6324462890625,0.28466701148039664,0.3679550558995133,0.8719385786903373,1.2646178022688215,0.39454857170410035,-0.00691127728713447
2024-02-28,667.8515625,0.1275743921092216,0.28765937786807205,0.7587462105339802,1.1252553244860661,0.41571120064791284,-0.06538115804424023
2024-02-29,677.7288818359375,0.10544545810950967,0.3055846530478252,0.6037162496883965,1.1779085631884967,0.41626374948590095,-0.051558432639774124
2024-03-01,658.6163330078125,0.06169890006397294,0.26025327998680736,0.5750561028083552,1.1780172999740333,0.4202360968621425,-0.07830531661156254
2024-03-04,666.0736694335938,0.059882102276314075,0.2601139523172957,0.6077005859669928,1.259129040051124,0.42047579896548026,-0.0678692144510047
2024-03-05,670.8148193359375,0.0640815324374262,0.26518261616709404,0.5648617967371012,1.3163370167795194,0.4200147345669128,-0.061234255007801816
2024-03-06,646.4179077148438,0.023217701322262307,0.23446197822824844,0.4603369241110671,1.206879098537219,0.42009465171536436,-0.09537629280022468
2024-03-07,643.2572021484375,7.676747624874025e-05,0.2253058025133874,0.4679365417185182,1.2264956362136803,0.4202232358321921,-0.09979951368059468
2024-03-11,620.3419189453125,-0.05705278211068143,0.16510517741757424,0.41532396531484417,1.133321886974271,0.42680147273738256,-0.13186809995479834
2024-03-12,585.7714233398438,-0.12696897022993425,0.1414685231096946,0.3002630121084744,1.0240610992650048,0.44232672239403276,-0.18024746804023256
2024-03-13,555.0038452148438,-0.14876519610302763,0.08516817500774199,0.2508906208752426,0.9362510734553262,0.4429796700685045,-0.2233048775779558
2024-03-14,583.4996948242188,-0.04909466114707317,0.15504931039390568,0.31234036408023047,1.0148361417221938,0.44908474498813866,-0.18342661800967103
2024-03-15,605.5753784179688,-0.02248085355499141,0.21707194854851086,0.3290700291218698,1.0515306696871791,0.4545993198724627,-0.15253300183164137
2024-03-18,586.9073486328125,-0.06351461453972518,0.11733746219966701,0.24609416736119893,0.9688536323011168,0.4475396276153207,-0.17865780764041472
2024-03-19,577.52392578125,-0.10322091298454028,0.13589112810892234,0.28378515979320573,0.9402686948047587,0.4395781605288028,-0.19178935406710826
2024-03-20,577.2276611328125,-0.08379703929579863,0.1394033615617032,0.2516599655271652,0.963050073116485,0.4342511047209325,-0.1922039589556535
2024-03-21,591.5496826171875,-0.06312077510432645,0.22675131615070998,0.31079011554744795,1.04228469873722,0.4359928596737936,-0.17216113524182552
2024-03-22,599.8959350585938,-0.06705074854675996,0.2977563131749923,0.30626932377366334,1.102284479209111,0.4348994787146498,-0.16048104758543474
2024-03-26,587.5,-0.09377613174892285,0.22550737458000336,0.31201052705254995,1.0485620469701207,0.437696786792514,-0.17782842703312704
2024-03-27,596.8834228515625,-0.14045933165749647,0.22862665231161716,0.3381311364239048,1.1308182165914165,0.43584355434032496,-0.16469688060643353
2024-03-28,606.1187133789062,-0.15177263662401264,0.2209511608421184,0.369143305261296,1.1865315377203784,0.4332979504964796,-0.15177263662401264
2024-04-01,614.514404296875,-0.13403846243163742,0.23651013262555165,0.37811505111227706,1.2801907684719058,0.43365243732858466,-0.14002336273776575
2024-04-02,626.4164428710938,-0.06204240875592204,0.28575774835698997,0.3875944420277291,1.1722898199065614,0.4344006601979101,-0.12336716226784604
2024-04-03,625.0336303710938,-0.07775270152585889,0.3109591697876015,0.3752037515258704,1.1831982090210267,0.4342106224628203,-0.12530232674145156
2024-04-04,630.9599609375,-0.041991628030251804,0.32270408408067985,0.37435461098510725,1.1300433914791652,0.43359897950953785,-0.11700877691387049
2024-04-05,639.9976806640625,-0.03914880585462177,0.3456905031271835,0.38023210654263284,1.2186268671495823,0.43274281992703917,-0.10436102160557836
2024-04-08,636.8369750976562,-0.05065160049969841,0.32026210283947276,0.373415664180599,1.3192445894246565,0.4331299489818566,-0.10878424248594837
2024-04-09,629.1820678710938,-0.026663617511279214,0.2828516949764226,0.31218452448689527,1.3071349726864012,0.4343158673735719,-0.11949683332063496
2024-04-10,623.552001953125,-0.030633469986031114,0.24529033703477032,0.3321375366161674,1.2522299306790026,0.43492470510353476,-0.12737577825967078
2024-04-12,617.675048828125,-0.004299032575005746,0.22473562259121938,0.335076850782162,1.2314004722548617,0.4344773990213242,-0.13560022727249432
2024-04-15,606.8099975585938,0.035916013278346925,0.19314414434416216,0.3240299861184257,1.1499560254820818,0.4364853287910419,-0.15080522521740705
2024-04-16,610.95849609375,0.10081849227052841,0.1895192901061269,0.355131900355687,1.1883956882023714,0.4365197028826736,-0.14499964638149185
2024-04-18,618.2677001953125,0.05958530172251031,0.1809263401756822,0.3413693418976955,1.1882539966799333,0.43623824321782434,-0.13477084666520664
2024-04-19,608.2422485351562,0.004403861537690901,0.16265452908275235,0.31300632995199207,1.187178172291314,0.433582379892164,-0.14880087451394539
2024-04-22,619.5517578125,0.05562106055705707,0.18427264623044182,0.33884740191757845,1.2349903208817068,0.43132811088483164,-0.1329738838211162
2024-04-23,634.7133178710938,0.09902514776765381,0.19564599523311843,0.3716114366208887,1.204081489912317,0.43344550250865255,-0.1117561754262128
2024-04-24,647.3068237304688,0.12140645245608206,0.2534186778082974,0.4323024638820694,1.2132722562940046,0.4345778270931692,-0.09413230730439173
2024-04-25,652.6405639648438,0.10327261283848976,0.22758934779074713,0.45203819589716887,1.2788409580717088,0.43422135712694465,-0.08666805266899975
2024-04-26,684.9392700195312,0.1417634792818374,0.2774249120308312,0.5404865828782783,1.3494832968465609,0.4435308590058129,-0.04146791996810258
2024-04-29,697.0389404296875,0.18644926030585096,0.2871865590431326,0.5566339193349878,1.407710721855552,0.43986211158460514,-0.024535145408955534
2024-04-30,740.745849609375,0.2410226540896736,0.3765602361221416,0.6255554605320568,1.532759083948756,0.4339621659160989,0.0
2024-05-02,805.935791015625,0.32966657063400384,0.5100397509731898,0.8010153483428266,1.745457461992133,0.4626953071385336,0.0
2024-05-03,776.6002807617188,0.26376253401301764,0.4059007124296583,0.7601296737682444,1.5399772129422105,0.47014403784727854,-0.036399314413047966
2024-05-06,770.8221435546875,0.23052667650569658,0.30142588375392765,0.781938548048452,1.477067441179909,0.47036776313173906,-0.04356879028376187
2024-05-07,753.2405395507812,0.20512001746781006,0.22861273235797697,0.688101721964314,1.376441155506679,0.47352806148275506,-0.06538393263120651
2024-05-08,758.7718505859375,0.2025673538120083,0.22315101948290006,0.7004980484933352,1.4410547119295707,0.47358838420528404,-0.05852071710359506
2024-05-09,739.5111694335938,0.15549038969371876,0.17673868354923128,0.6571493010544296,1.3840152940270203,0.4762322218628373,-0.08241924769009724
2024-05-10,740.9927978515625,0.16355178299428097,0.17540151042507768,0.6569852443407886,1.4907037334933837,0.4743988086573683,-0.08058085257911499
2024-05-13,741.5853881835938,0.17864991081648096,0.1738587176735944,0.6144500845484095,1.3647244255705417,0.473007054279914,-0.07984557026675548
2024-05-14,759.9570922851562,0.21875495532814493,0.1815109566356754,0.6380667472951673,1.3025587320772805,0.47094764092648356,-0.057050076746842655
2024-05-15,749.7835083007812,0.21388019432434113,0.13970417213388742,0.5897380781805495,1.4006955975907158,0.45437308889563793,-0.06967339500344277
2024-05-16,731.0166625976562,0.20468790154873662,0.08950386498531437,0.5296060825744942,1.427751254849,0.4579965584802108,-0.09295917770763981
2024-05-17,745.931396484375,0.22091991723430215,0.14406912939706862,0.5848897461744087,1.465154266034403,0.45903981963516516,-0.07445307082792985
2024-05-21,735.8565673828125,0.19019086255088746,0.19919503773708214,0.46279210284932226,1.4168694293713728,0.4574830392831408,-0.08695385465447562
2024-05-22,743.5608520507812,0.22247485083700758,0.20025515456959986,0.47304568448434114,1.3932604455520772,0.4549184986291853,-0.07739442727346807
2024-05-23,750.6231079101562,0.21155835399521772,0.19771471968127963,0.47606110342634067,1.291421661559903,0.4550980924884065,-0.0686316251518806
2024-05-24,736.5480346679688,0.16044206719726817,0.14371170541384481,0.4221418316134806,1.2741690708485014,0.4561990958223294,-0.08609588644799497
2024-05-27,742.8694458007812,0.14763110563176096,0.17911741153160632,0.4290328716330851,1.3170054762296148,0.45621864065772466,-0.07825231974791533
2024-05-28,742.2767944335938,0.1373439461442647,0.17559645159512915,0.4133909422301789,1.3009798232507608,0.43334836568330243,-0.07898767779230823
2024-05-29,734.7700805664062,0.07275215880884445,0.14270352004920706,0.39411548422996323,1.1879410798513503,0.43013452434134747,-0.08830196058117368
2024-05-30,669.9751586914062,-0.03882678594914346,0.03344251904928597,0.2927386862857764,0.9859464215235878,0.4670413445359398,-0.16869908724724056
2024-05-31,687.9024047851562,-0.07133815849536684,-0.009387645683548107,0.33791178983710624,1.0669235361055303,0.45414350104008366,-0.1464550743946057
2024-06-03,710.7188720703125,-0.1181445470058129,-0.005390888532271321,0.40263148987386765,1.1781440518216564,0.4580897143056715,-0.1181445470058129
2024-06-04,655.5050048828125,-0.15592999240243832,-0.07627531927169195,0.26361384726145265,0.9831167789208,0.4822461140085281,-0.18665356199560573
2024-06-05,685.4331665039062,-0.11077649723061334,0.026325616336199342,0.32155780462153594,1.0745889689926624,0.49063476808599066,-0.14951888953816486
2024-06-06,685.581298828125,-0.08982421573194532,0.011586369125830442,0.32071163876305664,1.0800119994666906,0.4904680206003469,-0.14933508789308333
2024-06-07,706.0272216796875,-0.06951315980623107,0.07198559509655,0.350973362319037,1.1916297441568715,0.4877747340808744,-0.12396591694982874
2024-06-10,704.199951171875,-0.04774940490589796,0.057240337650191986,0.33224330042565553,1.1660338217148531,0.48765992993802265,-0.12623318256600122
2024-06-11,717.5836181640625,-0.031591642665586894,0.06971938824253021,0.3533903741813478,1.1618807232705182,0.48249338801022734,-0.10962681374433411
2024-06-12,724.9915771484375,-0.022376129977156656,0.12155243302488339,0.3845138351586024,1.2320205390967978,0.46695922437877996,-0.100435065385523
2024-06-13,710.9658203125,-0.06446583954541663,0.10525901293902362,0.35428028183440463,1.192172760722526,0.45459574539858616,-0.11783813519864361
2024-06-14,706.7680053710938,-0.05737056424083353,0.13932008104936777,0.3274277251664288,1.158847360611921,0.4444478906529497,-0.12304675726035431
2024-06-18,704.6444091796875,-0.03607613173173829,0.2029340816287617,0.3731113895550995,1.111587978122687,0.4388523351103315,-0.12568170189872324
2024-06-19,683.7539672851562,-0.08335542583710132,0.23198059469384913,0.3369061335888772,1.0523273984894748,0.4384713818381575,-0.15160242924128922
2024-06-20,672.790283203125,-0.08570458833301231,0.15302593843824597,0.331801815059382,0.9966292943824744,0.43847998389545473,-0.16520609867035754
2024-06-21,692.00146484375,-0.0693411804357742,0.14271730573254882,0.3907691779280178,1.0518374463276592,0.4415424373941518,-0.14136898676294934
2024-06-24,682.1736450195312,-0.09119018875024809,0.16231914050597496,0.2987027187190443,1.0167908116446154,0.44070356975381286,-0.15356328305029243
2024-06-25,678.8646850585938,-0.07831580140645988,0.17547456434857533,0.33521112896124716,0.9314314778425379,0.4403307245090636,-0.1576690195094806
2024-06-26,688.0505981445312,-0.07379338047368156,0.1919917295616571,0.35815938361630084,0.9134734128601028,0.4382380727935822,-0.14627119701749078
2024-06-27,691.0137329101562,-0.06906192125075739,0.16814149887277585,0.4330191211924408,0.9444134541633706,0.43741605547932333,-0.14259455825959305
2024-06-28,691.6064453125,-0.058744410524490975,0.15287736571335264,0.4961538796710576,0.9230980070096046,0.4366349828203297,-0.14185912448316673
2024-07-01,725.2879028320312,0.08255939555827974,0.23453260056515957,0.5129288061520327,1.0400055518917761,0.446214835582346,-0.10006738636332656
2024-07-02,750.8206787109375,0.091463954026199,0.2579017107292947,0.5454915677903895,1.1030571779674752,0.4498377105987575,-0.06838648055973849
2024-07-03,752.4010009765625,0.05864784311246818,0.24134263531013933,0.5156187315847292,1.1576265113866944,0.449694093599449,-0.06642562675073528
2024-07-04,738.029541015625,0.12589459350896304,0.2009963246672395,0.48504412469708846,1.1260489914086835,0.45187769397139016,-0.08425764280107952
2024-07-05,741.8817138671875,0.08235456076804759,0.184326692426646,0.5227572213735656,1.1952360178656778,0.4512893643444933,-0.07947789124455903
2024-07-08,742.7213134765625,0.08334535196060311,0.18829016133995125,0.5577998833769977,1.150886731240572,0.45101250304844864,-0.07843612139299684
2024-07-09,755.1666259765625,0.06959987205588036,0.19685348156563265,0.583082988113043,1.2100014459280515,0.45078451872025954,-0.06299405685294626
2024-07-10,750.9688110351562,0.06641417652110326,0.17339301957461783,0.5790238428772925,1.1939115828814644,0.450439921761584,-0.06820267891465696
2024-07-11,750.1292724609375,0.045354511269561915,0.1778984289439356,0.5551346567288316,1.0484154766720386,0.44974295003563514,-0.06924437303418575
2024-07-12,740.54833984375,0.021457853009135608,0.17700166241144832,0.5099185776145934,1.045981682669697,0.44887915128120626,-0.08113233324639296
2024-07-15,747.659912109375,0.0516116116253611,0.19903377708276482,0.49314517637946986,1.070149075150018,0.44899699756380873,-0.07230833964181171
2024-07-16,743.857177734375,0.052477152448075604,0.20428561772998144,0.47493149580818006,1.0968953452330577,0.44902697913315237,-0.07702674825127162
2024-07-18,762.32763671875,0.08186147053407322,0.25628720651580794,0.49893172406882136,1.148962624581788,0.4492159636093662,-0.05410872030130444
2024-07-19,719.410888671875,0.05214875977728428,0.17751188218435598,0.4006730981874642,1.0419118616420384,0.4648879724079926,-0.10735954812816162
2024-07-22,724.3495483398438,0.07663497292387667,0.1715791527052435,0.38354868103033013,1.085750673406428,0.46279687260553115,-0.10123169064494308
2024-07-23,720.1517333984375,0.0406794927248364,0.18398834532260033,0.376569412070515,1.039440532437422,0.46170420993163236,-0.10644031270665379
2024-07-24,730.2265014648438,0.07044079875577247,0.178636800326597,0.39582732246735985,0.9514319149142658,0.46217579507877854,-0.09393960461214142
2024-07-25,758.3767700195312,0.11712508650243714,0.19483355503429456,0.4285979550469041,1.0213242658324932,0.45792867361100803,-0.05901093055584586
2024-07-26,765.241455078125,0.11218776226887184,0.18219278250149107,0.48178251435753094,1.0662754146467437,0.45701830675857286,-0.05049327302640049
2024-07-29,788.7987670898438,0.14150953812143885,0.20862663254920588,0.4836971795736067,1.1261980211751483,0.44337775832441034,-0.021263510216099842
2024-07-30,811.8621826171875,0.17387885569856176,0.18530535209937216,0.5141385851352138,1.1693060212020878,0.409425411624846,0.0
2024-07-31,863.9647827148438,0.191202527081068,0.23947850342802268,0.5954400698354483,1.2701791106844706,0.422434127078689,0.0
2024-08-01,873.9901733398438,0.1640464868926792,0.17987859641837178,0.6241739592811351,1.317270895393893,0.4223940168354712,0.0
2024-08-02,847.5191040039062,0.12641942648120796,0.05159631009298993,0.5879522302171436,1.2604056040042741,0.4245765276096827,-0.03028760521961206
2024-08-05,813.5413208007812,0.10231538927458406,0.04756763672919262,0.4727760867958255,1.2064023779840154,0.4332222023490062,-0.06916422447642037
2024-08-06,820.9986572265625,0.1066436089211098,0.0650948005210168,0.3861419420497776,1.2027295112054133,0.42982626661046425,-0.0606317070028154
2024-08-07,833.0983276367188,0.12168361472907718,0.10601897254967607,0.3588689919040198,1.2146515048964717,0.4306044255836395,-0.04678753486078904
2024-08-08,897.8438110351562,0.1889347067928051,0.18328560863430132,0.4473369985404896,1.3021401994577317,0.45745837505550274,0.0
2024-08-09,1062.152099609375,0.4143757823248013,0.4362894618926423,0.6901373705831815,1.7633299950155479,0.5856931300363617,0.0
2024-08-12,1008.5185546875,0.3444596707696379,0.3610369191328211,0.5997648504930124,1.6465783703352517,0.5958537976755396,-0.05049516443228769
2024-08-13,1003.8762817382812,0.35558508165731806,0.3536894034510727,0.5890401072634093,1.6731983307289404,0.5928285256105927,-0.05486579360199514
2024-08-14,980.6646728515625,0.31164538444332335,0.29042110772694896,0.5246466774533354,1.5967044409740287,0.5950069756020244,-0.07671916930520678
2024-08-16,993.1100463867188,0.3350816206566871,0.32452906124513636,0.5095712972136635,1.6010865306361257,0.5939033090080122,-0.06500203996023514
2024-08-19,1008.3704833984375,0.32275210136512666,0.37940834319043937,0.5028707212989727,1.623409965378781,0.5941569129723486,-0.050634571292300444
2024-08-20,990.9864501953125,0.37749715190549993,0.3285222406053674,0.5199212831940256,1.6209509524165426,0.5959616297358077,-0.06700137338167943
2024-08-21,1036.6688232421875,0.4311720434121298,0.40879197005642043,0.6894163396955073,1.7503929298853742,0.5995864609298927,-0.02399211598466869
2024-08-22,1003.431884765625,0.3933617572929695,0.3494953129903293,0.6197387054841581,1.678002081775667,0.6047156533565567,-0.0552841865730392
2024-08-23,986.544921875,0.35101221319135667,0.3143012937900145,0.5741580056684503,1.5626767745431183,0.6063432427587162,-0.07118300454537618
2024-08-26,1002.4881591796875,0.3218866911678602,0.36106283907417236,0.556663500852931,1.653103153231772,0.6058541950059185,-0.05617268981686329
2024-08-27,1140.364990234375,0.4902028407725936,0.5350812941365635,0.8100410820328932,2.045461943461754,0.6321908144063141,0.0
2024-08-28,1066.1121826171875,0.3515642101602803,0.4362730865521689,0.6884775440723137,1.8630216504434016,0.6493728681256713,-0.06511319468157874
2024-08-29,1027.37158203125,0.2654507181493886,0.39822185089421214,0.5977530308265337,1.751685651971382,0.6535292713543347,-0.09908530090870457
2024-08-30,1031.692626953125,0.1941373625337235,0.539896835829293,0.5913948650954493,1.7483541501431308,0.6293283702135962,-0.0952961237953429
2024-09-02,1016.842041015625,0.16344791055246177,0.47817776757620467,0.46430115843690123,1.723844054297885,0.6261371363114548,-0.1083187841406485
2024-09-03,1006.6602172851562,0.1877728921146733,0.41639719563485267,0.4087615562357634,1.6823750807182751,0.6269832459475495,-0.11724734983466907
2024-09-04,1000.7001342773438,0.23005446520201245,0.5266094489335642,0.4101668258129749,1.6397456836286048,0.6257404526753009,-0.12247381948153849
2024-09-05,997.3226928710938,0.21476775155781147,0.45502543735664136,0.493329878779903,1.6263882653813222,0.6257916395366333,-0.12543553913723912
2024-09-06,983.0184326171875,0.1799548744813264,0.43384662664730866,0.45045970293347115,1.326125795112612,0.6266859201433097,-0.13797911981220035
2024-09-09,990.2699584960938,0.10294234512167111,0.4025945857160764,0.5035611916480474,1.3681932308510598,0.6266278900023331,-0.1316201681247973
2024-09-10,987.1905517578125,-0.07057515385897262,0.40186114769676773,0.4821041531296164,1.382779715450598,0.624710433261302,-0.13432053753691714
2024-09-11,979.4424438476562,-0.02883051650829893,0.3649175079464042,0.4600787216019464,1.2848214116636316,0.6248841111703163,-0.14111494807784736
2024-09-12,992.8526611328125,-0.010981054942727164,0.3694678564928102,0.535930006398883,1.2429753011944364,0.624773397301537,-0.12935536461115388
2024-09-13,1014.3587036132812,0.03435836091020161,0.4267334302617065,0.5769099828581612,1.3148037868382167,0.6209478102176554,-0.11049645306560678
2024-09-16,1014.5573120117188,0.021596061486874207,0.4354884549124687,0.6354808227963056,1.3147352033164514,0.6192303659156706,-0.11032229093318575
2024-09-17,1012.7196044921875,0.0043130190394828904,0.43720661272420513,0.728864816788175,1.247978974205358,0.6179626694295872,-0.11193379912158914
2024-09-18,1039.9373779296875,0.049396162505276786,0.5209233550172392,0.8737480593979028,1.3438538733840235,0.6176566423554223,-0.08806620087841086
2024-09-19,1003.3821411132812,-0.03210927287733223,0.4913743051344661,0.719593257740355,1.2566916419328868,0.6233933169560432,-0.12012193490168456
2024-09-20,1047.4371337890625,0.04385474459356642,0.5136342724730616,0.729656077704864,1.2988340535660226,0.6277927491225719,-0.08148957328671882
2024-09-23,1077.5853271484375,0.09228206770393044,0.5796349434132497,0.8360399297412928,1.2878786474928905,0.6292203387871816,-0.05505225399197377
2024-09-24,1098.495361328125,0.09576891384632202,0.6181359636247867,0.9020776668986084,1.4418590815385177,0.6294482379072108,-0.03671598941111362
2024-09-25,1084.886474609375,-0.04864978853270274,0.5767539153878982,0.8794776266963356,1.3524669014398136,0.6252100573938049,-0.04864978853270277
2024-09-26,1030.8482666015625,-0.033077115701891646,0.4917912879389774,0.7426233110983858,1.2842134113103296,0.6333184433272222,-0.09603655370926806
2024-09-27,1037.5533447265625,0.00991049672133415,0.5002077435205907,0.7295555513727916,1.2592653605207218,0.633265857889738,-0.09015678873715861
2024-09-30,1014.4083251953125,-0.016753344267718462,0.39862849116103116,0.7266524684175533,1.2653862151251003,0.6338449949155266,-0.11045293929373884
2024-10-01,1129.7857666015625,0.11107302907453453,0.5047344840598413,0.8928080816922372,1.5328254293871848,0.6711491927246211,-0.009277050526286494
2024-10-03,1075.2012939453125,0.06808759845998824,0.4290269318485467,0.7739120575100378,1.428739817662159,0.6808489575223683,-0.057142841850721535
2024-10-04,1008.895263671875,0.008189395717878467,0.36701203353391976,0.641776428050127,1.262556806057232,0.6948963558345502,-0.11528741033647438
2024-10-07,983.9124755859375,-0.013446216937620159,0.3262390178848358,0.5707002694187109,1.1794949639368597,0.6973398991212153,-0.13719512260393263
2024-10-08,998.812744140625,0.016067157033247792,0.3448015103610511,0.5980144037171438,1.1975954029841929,0.6974853097416319,-0.12412889496428445
2024-10-09,1022.8517456054688,0.03290192419737381,0.35447159662643,0.6211040461041042,1.2279718206497896,0.6974068332933224,-0.10304880072191114
2024-10-10,1029.556884765625,0.04291606410978521,0.37097156318177205,0.6086884622727935,1.2203634650536066,0.6973731933501726,-0.09716898222732707
2024-10-11,1037.156005859375,0.05892491424508406,0.38263635873959867,0.628605194760137,1.2367518852494674,0.6969754000109066,-0.09050522004694991
2024-10-14,1077.982666015625,0.08574283800144311,0.4556546926336653,0.7133079931268498,1.248176234260752,0.699244315048683,-0.054703822682182476
2024-10-15,1090.6478271484375,0.07520921668380653,0.4587485693480473,0.7490888069194686,1.330026854572612,0.6868552998698452,-0.04359758806320362
2024-10-16,1102.0712890625,0.08625828823534265,0.4815630231856689,0.784225040583052,1.3820775482682963,0.6868733353679426,-0.03358021466794121
2024-10-17,1062.1884765625,0.04884755054694323,0.3933490344577124,0.7504465662003776,1.317643742747332,0.6922640646106881,-0.06855394048514912
2024-10-18,1058.6619873046875,0.018005516267024735,0.47156792310874485,0.7327887149019015,1.3481572641399024,0.6924680444646123,-0.07164636202387745
2024-10-21,1030.798583984375,0.027324029148729334,0.4230678908365306,0.6672366737883004,1.2363801599071156,0.6926460625212212,-0.09608012100361063
2024-10-22,970.899658203125,-0.07307118787078537,0.3481876293227728,0.5962384404262691,1.0958711763923872,0.7049564139125306,-0.1486062212383602
2024-10-23,989.2268676757812,-0.08199671733325753,0.35468497197976157,0.596681560824752,1.1377129593999231,0.7035099028508366,-0.1325348672160927
2024-10-24,971.1976318359375,-0.11588372056326157,0.28062682063814437,0.53013589677534,1.0987518956012159,0.703163961164678,-0.14834492451725403
2024-10-25,936.778076171875,-0.13651972063789253,0.22416012613461644,0.44719326574245843,1.072818480236462,0.696300426257446,-0.1785278536310182
2024-10-28,960.469482421875,-0.06827269003585557,0.21763562836867112,0.4716668491871634,1.1369164766553999,0.6976493100594117,-0.15775256988161898
2024-10-29,962.505859375,-0.07233120661505898,0.1855532625896983,0.4052426273464418,1.1647574131158138,0.6943015815340124,-0.15596684603831995
2024-10-30,951.5789794921875,-0.061936938156563315,0.10140945386921096,0.3651733415432854,1.1250751292181662,0.6891591197553326,-0.16554876058005516
2024-10-31,993.4486083984375,-0.12067523085658283,0.136681668401486,0.3411463714880385,1.1801078075451352,0.6940629040710083,-0.12883277116894154
2024-11-01,1006.2628784179688,-0.06411675275648443,0.1873040662612968,0.24856457503878238,1.248683963041986,0.6939524963113677,-0.11759578114446037
2024-11-04,1002.8854370117188,-0.005956839006542203,0.23274062591505884,0.29137918418990405,1.2729948221792773,0.6768723394587919,-0.12055750080016099
2024-11-05,1018.6300048828125,0.035285180499617264,0.24072067099826167,0.32148513557919567,1.3548053037616037,0.5639390215730489,-0.1067508967690623
2024-11-06,1039.3909912109375,0.0406264810980419,0.24762102711142986,0.3798925265371551,1.3293989501730596,0.5555259036948025,-0.08854533407122984
2024-11-07,1030.3515625,0.007332261910636628,0.14758441260743438,0.35792012013142505,1.3091405142933237,0.5557683724824333,-0.09647211960774449
2024-11-08,1013.0672607421875,-0.016016234039551214,-0.04621262706653717,0.36991475263060036,1.270153274825951,0.5547420168136891,-0.11162893510614041
2024-11-11,989.7732543945312,-0.045685269329933664,-0.018586966204877764,0.3357393719133084,1.2133004295453849,0.5563828257049781,-0.13205573402327372
2024-11-12,1013.4646606445312,-0.059850689074214314,0.009551355162657149,0.36661897172335944,1.2063381144442382,0.5576345381886602,-0.11128045027387451
2024-11-13,957.4894409179688,-0.12209109385805972,-0.023632167625866618,0.2599256598011892,1.0638423273842514,0.5681835096359718,-0.1603658047050537
2024-11-14,970.9989624023438,-0.11893271148698159,-0.022264485255005573,0.29503910349121765,1.0587729755527904,0.5608431252229005,-0.14851914017214968
2024-11-18,972.4393310546875,-0.08449455768741021,-0.03563288784758345,0.3302560404015136,1.0347677307796173,0.5569781427445082,-0.14725606329353758
2024-11-19,1007.20654296875,-0.04860422396665165,0.01636762315997431,0.3502669919992407,1.1400243102173588,0.5605777058955641,-0.1167682701643247
2024-11-21,1023.7954711914062,-0.006793871180826971,-0.0124179986531473,0.39129759326969515,1.0351791321481785,0.5606139532392286,-0.10222123621930085
2024-11-22,1059.605712890625,0.09136480164353045,0.05598170536321034,0.42504236199118717,1.0991525015384909,0.4886754235445535,-0.07081879752126716
2024-11-25,1096.3099365234375,0.10824925236740812,0.11126205428113822,0.46053315568144915,1.1558361813659155,0.4751413521253281,-0.03863241513744036
2024-11-26,1149.30517578125,0.1833895986840708,0.1464526191727784,0.5603940567153229,1.2191016618559183,0.47847329111405473,0.0
2024-11-27,1138.1796875,0.214993941949569,-0.001916318681377538,0.5321395891751766,1.1894778368617378,0.47908465208940476,-0.00968018635580176
2024-11-28,1147.6661376953125,0.19490120061015492,0.0764965980202188,0.5461430915014089,1.185304640919858,0.4780091501288647,-0.0014261121593082098
2024-11-29,1156.01025390625,0.20104230290805858,0.1252114367624071,0.5732952177572688,1.19335522434036,0.4773946362405498,0.0
2024-12-02,1167.1357421875,0.22652535138002405,0.13128243015012742,0.7420582346174545,1.252026073652687,0.4772517747224696,0.0
2024-12-03,1208.0120849609375,0.2159784358733996,0.18800367828455555,0.7560806250389842,1.3494809721441716,0.48152665061064104,0.0
2024-12-04,1205.6280517578125,0.1981243446576133,0.19765143298227184,0.6963501310241524,1.3793541116261379,0.48021822488484744,-0.0019735176765239815
2024-12-05,1247.994384765625,0.24440373616776534,0.24712123244278872,0.9038670574128331,1.405752777091771,0.4844402838512,0.0
2024-12-06,1262.9443359375,0.23984599892361746,0.266334702865062,0.8425492048761294,1.4350352821032542,0.4844392031774902,0.0
2024-12-09,1257.9278564453125,0.21025472327768568,0.2796584628593448,0.8348339702315517,1.4232865796826384,0.4840798048449299,-0.003972051142272792
2024-12-10,1238.35888671875,0.20187995223111033,0.2505265620694226,0.7539817852527113,1.3695826698692022,0.4854512659190946,-0.01946677182767513
2024-12-11,1245.6600341796875,0.2295926267196704,0.2618232943595731,0.7689010516214274,1.3566065751385432,0.48409504420412247,-0.013685719367023518
2024-12-12,1239.352294921875,0.25215779414045425,0.26536510920762746,0.7271189915020044,1.3374662181646095,0.4843860654072939,-0.01868019068165211
2024-12-13,1244.36865234375,0.22783625385849282,0.2533266022815168,0.7163904955118854,1.3763663875709349,0.4842452103540175,-0.014708236194717979
2024-12-16,1243.971435546875,0.29920120513731097,0.22636246045475095,0.7496923199487933,1.3695738081837452,0.48193407755960577,-0.015022752666720793
2024-12-17,1227.680419921875,0.2643478185439838,0.21006512435218094,0.7370345156997766,1.305787775710924,0.4764795115883934,-0.027921987543059953
2024-12-18,1319.8631591796875,0.3572704404584206,0.3032858782678669,0.873091082516652,1.5719626990777056,0.4917282245560217,0.0
2024-12-19,1419.5458984375,0.409389075505185,0.36503017255090775,1.0761062697358876,1.775559205992232,0.5106250198309644,0.0
2024-12-20,1434.89306640625,0.4015426975237968,0.43005641381477555,1.1327493904560972,1.8403995092762209,0.5099004343387924,0.0
2024-12-23,1405.787841796875,0.32670843946458006,0.3421214471473748,1.0314810202234095,1.8253211884724818,0.5113027614760414,-0.02028389800660913
2024-12-24,1467.127197265625,0.33824126589430037,0.3614951505956503,1.150665315168574,1.7930748918641775,0.5044673828900602,0.0
2024-12-26,1581.6107177734375,0.3761451275970493,0.439797356869315,1.3297878834821502,2.110758710144436,0.5254011542358329,0.0
2024-12-27,1501.3978271484375,0.3191219660985538,0.38392160128001573,1.1821038034081548,1.963644756623605,0.5354336020962202,-0.050715950343281836
2024-12-30,1572.2733154296875,0.3699744758410757,0.5252228347951362,1.2753141371129741,2.2605686652023715,0.49464872693926415,-0.005903729810894948
